eventId,questionId,questionText,answer,author,sourceSummaryId,forUse
cnndm5476,0,Kevin Carr set off on his journey from Haytor.,Y,,cnndm5476,1
cnndm5476,1,Kevin Carr set off on his journey from Dartmoor.,Y,,cnndm5476,1
cnndm5476,2,Kevin Carr set off on his journey in July 2013.,Y,,cnndm5476,1
cnndm5476,3,Kevin Carr is less than 24 hours away from completing his trip.,Y,,cnndm5476,1
cnndm5476,4,Kevin Carr ran around the world unsupported.,Y,,cnndm5476,1
cnndm5476,5,Kevin Carr ran with his tent.,Y,,cnndm5476,1
cnndm5476,6,Kevin Carr is set to break the previous record.,Y,,cnndm5476,1
cnndm5476,7,Kevin Carr is set to break the record by 24 hours.,Y,,cnndm5476,1
cnndm5476,8,The previous record was held by an Australian.,Y,,cnndm5476,1
cnndm5476,9,BLANK,N,,cnndm5476,1
cnndm5476,10,BLANK,N,,cnndm5476,1
cnndm5476,11,BLANK,N,,cnndm5476,1
cnndm5476,12,BLANK,N,,cnndm5476,1
cnndm5476,13,BLANK,N,,cnndm5476,1
cnndm5476,14,BLANK,N,,cnndm5476,1
cnndm5476,15,BLANK,N,,cnndm5476,1
cnndm5244,16,Ben Flower was banned for 6 months.,Y,,cnndm5244,1
cnndm5244,17,Ben Flower returned from ban.,Y,,cnndm5244,1
cnndm5244,18,Ben Flower returned on Thursday night.,Y,,cnndm5244,1
cnndm5244,19,Ben Flower is a forward.,Y,,cnndm5244,1
cnndm5244,20,Ben Flower plays for Wales.,Y,,cnndm5244,1
cnndm5244,21,Ben Flower had punched Lance Hohaia.,Y,,cnndm5244,1
cnndm5244,22,Lance Hohaia plays for St Helens,Y,,cnndm5244,1
cnndm5244,23,Ben Flower had punched in last season's grand final.,Y,,cnndm5244,1
cnndm5244,24,Ben Flower had punched in the opening moments of a match.,Y,,cnndm5244,1
cnndm5244,25,Ben Flower is a 27 year old.,Y,,cnndm5244,1
cnndm5244,26,Ben Flower received a brilliant reception.,Y,,cnndm5244,1
cnndm5244,27,Wigan played against Warrington.,Y,,cnndm5244,1
cnndm5244,28,Wigan won 30 - 20.,Y,,cnndm5244,1
cnndm5244,29,BLANK,N,,cnndm5244,1
cnndm5244,30,BLANK,N,,cnndm5244,1
cnndm5244,31,BLANK,N,,cnndm5244,1
cnndm8565,32,Godfrey Elfwick recruited via Twitter.,Y,,cnndm8565,1
cnndm8565,33,Godfrey Elfwick to appear on World Have Your Say.,Y,,cnndm8565,1
cnndm8565,34,Godfrey Elfwick claimed he had never seen the Star Wars franchise.,Y,,cnndm8565,1
cnndm8565,35,Godfrey Elfwick described the films as anti - women.,Y,,cnndm8565,1
cnndm8565,36,Godfrey Elfwick described the films as anti - gay.,Y,,cnndm8565,1
cnndm8565,37,Godfrey Elfwick said Darth Vader was a black man.,Y,,cnndm8565,1
cnndm8565,38,Godfrey Elfwick said Darth Vader was a really bad racial stereotype.,Y,,cnndm8565,1
cnndm8565,39,BLANK,N,,cnndm8565,1
cnndm8565,40,BLANK,N,,cnndm8565,1
cnndm8565,41,BLANK,N,,cnndm8565,1
cnndm8565,42,BLANK,N,,cnndm8565,1
cnndm8565,43,BLANK,N,,cnndm8565,1
cnndm8565,44,BLANK,N,,cnndm8565,1
cnndm8565,45,BLANK,N,,cnndm8565,1
cnndm8565,46,BLANK,N,,cnndm8565,1
cnndm8565,47,BLANK,N,,cnndm8565,1
cnndm6976,48,Paul Armstrong flew to Cyprus.,Y,,cnndm6976,1
cnndm6976,49,Paul Armstrong celebrated new job.,Y,,cnndm6976,1
cnndm6976,50,Paul Armstrong's new job was as IT project manager.,Y,,cnndm6976,1
cnndm6976,51,Paul Armstrong was stopped at the Airport.,Y,,cnndm6976,1
cnndm6976,52,Paul Armstrong had a stun gun.,Y,,cnndm6976,1
cnndm6976,53,Paul Armstrong had a baton.,Y,,cnndm6976,1
cnndm6976,54,Paul Armstrong had a Knuckle Duster.,Y,,cnndm6976,1
cnndm6976,55,Paul Armstrong had many objects in his bag.,Y,,cnndm6976,1
cnndm6976,56,Paul Armstrong pleaded guilty to possession of a firearm.,Y,,cnndm6976,1
cnndm6976,57,Paul Armstrong lost his job.,Y,,cnndm6976,1
cnndm6976,58,Paul Armstrong did not start his job.,Y,,cnndm6976,1
cnndm6976,59,Paul Armstrong was 26 years old.,Y,,cnndm6976,1
cnndm6976,60,Paul Armstrong was sentenced.,Y,,cnndm6976,1
cnndm6976,61,Paul Armstrong was sentenced to eight months in jail.,Y,,cnndm6976,1
cnndm6976,62,Paul Armstrong was suspended for two years.,Y,,cnndm6976,1
cnndm6976,63,BLANK,N,,cnndm6976,1
cnndm8054,64,Gary was a British name.,Y,,cnndm8054,1
cnndm8054,65,Gary was the 147th most popular British name in 1996.,Y,,cnndm8054,1
cnndm8054,66,Gary was the 1001st most popular British name in 2013.,Y,,cnndm8054,1
cnndm8054,67,Gary reached height of its popularity in 1964.,Y,,cnndm8054,1
cnndm8054,68,Gary was the 16th most popular British name in 1964 (or at the height of its popularity).,Y,,cnndm8054,1
cnndm8054,69,Dexter is one of the top 100 most popular British names.,Y,,cnndm8054,1
cnndm8054,70,Jenson is now one of the top 100 most popular British names.,Y,,cnndm8054,1
cnndm8054,71,BLANK,N,,cnndm8054,1
cnndm8054,72,BLANK,N,,cnndm8054,1
cnndm8054,73,BLANK,N,,cnndm8054,1
cnndm8054,74,BLANK,N,,cnndm8054,1
cnndm8054,75,BLANK,N,,cnndm8054,1
cnndm8054,76,BLANK,N,,cnndm8054,1
cnndm8054,77,BLANK,N,,cnndm8054,1
cnndm8054,78,BLANK,N,,cnndm8054,1
cnndm8054,79,BLANK,N,,cnndm8054,1
cnndm10824,80,Police say Michael Scott Shemansky came to their attention.,Y,,cnndm10824,1
cnndm10824,81,Police say Michael Scott Shemansky came to their attention after he failed to appear for a supervised visit.,Y,,cnndm10824,1
cnndm10824,82,Michael Scott Shemansky was supposed to visit his son.,Y,,cnndm10824,1
cnndm10824,83,Michael Scott Shemansky was supposed to visit his son on Saturday.,Y,,cnndm10824,1
cnndm10824,84,Sandra Shemansky / mother / wife of Michael Shemansky was found dead.,Y,,cnndm10824,1
cnndm10824,85,Sandra Shemansky / mother / wife of Michael Shemansky was 57 years old.,Y,,cnndm10824,1
cnndm10824,86,Sandra Shemansky / mother / wife of Michael Shemansky was found dead on Saturday / same day.,Y,,cnndm10824,1
cnndm10824,87,Sandra Shemansky / mother / wife of Michael Shemansky was found dead at their home.,Y,,cnndm10824,1
cnndm10824,88,Sandra Shemansky / mother / wife of Michael Shemansky was found dead in Winter Garden.,Y,,cnndm10824,1
cnndm10824,89,Sandra Shemansky / mother / wife of Michael Shemansky was found dead in Florida.,Y,,cnndm10824,1
cnndm10824,90,Michael Shemansky was going through a difficult divorce.,Y,,cnndm10824,1
cnndm10824,91,Neighbors believe the stress of the divorce may have caused Michael to snap.,Y,,cnndm10824,1
cnndm10824,92,BLANK,N,,cnndm10824,1
cnndm10824,93,BLANK,N,,cnndm10824,1
cnndm10824,94,BLANK,N,,cnndm10824,1
cnndm10824,95,BLANK,N,,cnndm10824,1
cnndm11049,96,Fashion Week was in Australia.,Y,,cnndm11049,1
cnndm11049,97,Mercedes-Benz Fashion Week was in Australia.,Y,,cnndm11049,1
cnndm11049,98,Fashion week was in 2015.,Y,,cnndm11049,1
cnndm11049,99,Fashion week ended on Thursday night.,Y,,cnndm11049,1
cnndm11049,100,Fashion week ended in Sydney.,Y,,cnndm11049,1
cnndm11049,101,Maticevski was a stand-out show.,Y,,cnndm11049,1
cnndm11049,102,Romance was born was a stand-out show.,Y,,cnndm11049,1
cnndm11049,103,Tome was a stand-out show.,Y,,cnndm11049,1
cnndm11049,104,Steven Khalil was a stand-out show.,Y,,cnndm11049,1
cnndm11049,105,Johanna Johnson was a stand-out show.,Y,,cnndm11049,1
cnndm11049,106,Sheer fabrics were recurring trends.,Y,,cnndm11049,1
cnndm11049,107,Metallic fabrics were recurring trends.,Y,,cnndm11049,1
cnndm11049,108,Slouchy silhouettes were recurring trends.,Y,,cnndm11049,1
cnndm11049,109,Voluminous silhouettes were recurring trends.,Y,,cnndm11049,1
cnndm11049,110,BLANK,N,,cnndm11049,1
cnndm11049,111,BLANK,N,,cnndm11049,1
cnndm8312,112,If Carl Froch doesn't fight in 2015 I 'm not sure he 'll be back at all .,Y,,cnndm8312,1
cnndm8312,113,A blockbuster with James degale is most likely,Y,,cnndm8312,1
cnndm8312,114,A blockbuster with James degale is most likely after Julio Cesar Chavez Jnr defeat,Y,,cnndm8312,1
cnndm8312,115,Anthony Dirrell has made contact .,Y,,cnndm8312,1
cnndm8312,116,Scott Quigg - Carl Frampton Summer Fight Is Dead in the water .,Y,,cnndm8312,1
cnndm8312,117,BLANK,N,,cnndm8312,1
cnndm8312,118,BLANK,N,,cnndm8312,1
cnndm8312,119,BLANK,N,,cnndm8312,1
cnndm8312,120,BLANK,N,,cnndm8312,1
cnndm8312,121,BLANK,N,,cnndm8312,1
cnndm8312,122,BLANK,N,,cnndm8312,1
cnndm8312,123,BLANK,N,,cnndm8312,1
cnndm8312,124,BLANK,N,,cnndm8312,1
cnndm8312,125,BLANK,N,,cnndm8312,1
cnndm8312,126,BLANK,N,,cnndm8312,1
cnndm8312,127,BLANK,N,,cnndm8312,1
cnndm5243,128,Lorraine Bracco was asked to be Carmela.,Y,,cnndm5243,1
cnndm5243,129,Lorraine Bracco was asked by sopranos creator.,Y,,cnndm5243,1
cnndm5243,130,Lorraine Bracco is an actress.,Y,,cnndm5243,1
cnndm5243,131,Lorraine Bracco / the actress turned the sopranos creator/him down.,Y,,cnndm5243,1
cnndm5243,132,Lorraine Bracco / the actress played a mobster's wife in Goodfellas / Martin Scorsese's Goodfellas.,Y,,cnndm5243,1
cnndm5243,133,Lorraine Bracco turned the offer down because she played a mobster's wife in Goodfellas.,Y,,cnndm5243,1
cnndm5243,134,Goodfellas was released in 1990.,Y,,cnndm5243,1
cnndm5243,135,David Chase was a showrunner.,Y,,cnndm5243,1
cnndm5243,136,David Chase was convinced to let Lorraine Bracco play the role of Dr. Jennifer Melfi.,Y,,cnndm5243,1
cnndm5243,137,BLANK,N,,cnndm5243,1
cnndm5243,138,BLANK,N,,cnndm5243,1
cnndm5243,139,BLANK,N,,cnndm5243,1
cnndm5243,140,BLANK,N,,cnndm5243,1
cnndm5243,141,BLANK,N,,cnndm5243,1
cnndm5243,142,BLANK,N,,cnndm5243,1
cnndm5243,143,BLANK,N,,cnndm5243,1
cnndm1017,144,Anuradha Koirala has been sleeping outdoors.,Y,,cnndm1017,1
cnndm1017,145,425/many young women and girls have been sleeping outdoors.,Y,,cnndm1017,1
cnndm1017,146,Many people have been sleeping outdoors because of aftershocks.,Y,,cnndm1017,1
cnndm1017,147,Pushpa Basnet was forced to evacuate her residence.,Y,,cnndm1017,1
cnndm1017,148,Pushpa Basnet cares for 45 children.,Y,,cnndm1017,1
cnndm1017,149,The children were forced to evacuate their residence.,Y,,cnndm1017,1
cnndm1017,150,Anuradha Koirala was a CNN Hero.,Y,,cnndm1017,1
cnndm1017,151,Pushpa Basnet was a CNN Hero.,Y,,cnndm1017,1
cnndm1017,152,Seven other CNN Heros were now assisting relief efforts.,Y,,cnndm1017,1
cnndm1017,153,The organizations of CNN Heros were now assisting relief efforts.,Y,,cnndm1017,1
cnndm1017,154,BLANK,N,,cnndm1017,1
cnndm1017,155,BLANK,N,,cnndm1017,1
cnndm1017,156,BLANK,N,,cnndm1017,1
cnndm1017,157,BLANK,N,,cnndm1017,1
cnndm1017,158,BLANK,N,,cnndm1017,1
cnndm1017,159,BLANK,N,,cnndm1017,1
cnndm7770,160,Catherine Nevin was allowed out.,Y,,cnndm7770,1
cnndm7770,161,Catherine Nevin was jailed for life.,Y,,cnndm7770,1
cnndm7770,162,Catherine Nevin was jailed in April,Y,,cnndm7770,1
cnndm7770,163,Catherine Nevin was jailed in 2000,Y,,cnndm7770,1
cnndm7770,164,Catherine Nevin is a 62 year old.,Y,,cnndm7770,1
cnndm7770,165,Catherine Nevin was seen on the bus.,Y,,cnndm7770,1
cnndm7770,166,Catherine Nevin was with a pal.,Y,,cnndm7770,1
cnndm7770,167,Catherine Nevin was walking around in Dublin.,Y,,cnndm7770,1
cnndm7770,168,Catherine Nevin sat on a bus.,Y,,cnndm7770,1
cnndm7770,169,Catherine Nevin sat next to a commuter.,Y,,cnndm7770,1
cnndm7770,170,Catherine Nevin was unnoticed.,Y,,cnndm7770,1
cnndm7770,171,Catherine Nevin is Ireland's most infamous prisoner.,Y,,cnndm7770,1
cnndm7770,172,Catherine Nevin murdered husband.,Y,,cnndm7770,1
cnndm7770,173,Tom was Catherine Nevin's husband,Y,,cnndm7770,1
cnndm7770,174,Catherine Nevin murdered her husband in 1996.,Y,,cnndm7770,1
cnndm7770,175,BLANK,N,,cnndm7770,1
cnndm8815,176,Simon Wood was 38 years old.,Y,,cnndm8815,1
cnndm8815,177,Simon Wood was from Oldham.,Y,,cnndm8815,1
cnndm8815,178,Simon Wood won Masterchef.,Y,,cnndm8815,1
cnndm8815,179,Simon Wood won Masterchef last Friday.,Y,,cnndm8815,1
cnndm8815,180,Simon Wood was a father of four.,Y,,cnndm8815,1
cnndm8815,181,Simon Wood got cooking skills.,Y,,cnndm8815,1
cnndm8815,182,Simon Wood fed his culinary creations to his kids.,Y,,cnndm8815,1
cnndm8815,183,Simon Wood was an award winning chef.,Y,,cnndm8815,1
cnndm8815,184,Simon Wood talked about his favourite meals.,Y,,cnndm8815,1
cnndm8815,185,One of Simon Wood's favourite meals was a plain omelette.,Y,,cnndm8815,1
cnndm8815,186,BLANK,N,,cnndm8815,1
cnndm8815,187,BLANK,N,,cnndm8815,1
cnndm8815,188,BLANK,N,,cnndm8815,1
cnndm8815,189,BLANK,N,,cnndm8815,1
cnndm8815,190,BLANK,N,,cnndm8815,1
cnndm8815,191,BLANK,N,,cnndm8815,1
cnndm9825,192,Accounts vanished from Twitter/the social network.,Y,,cnndm9825,1
cnndm9825,193,Thousands of accounts vanished.,Y,,cnndm9825,1
cnndm9825,194,Thousands of accounts vanished last week.,Y,,cnndm9825,1
cnndm9825,195,Twitter said it received numerous reports.,Y,,cnndm9825,1
cnndm9825,196,The reports were about terror promoting users.,Y,,cnndm9825,1
cnndm9825,197,"Twitter decided to suspend 10,000 accounts.",Y,,cnndm9825,1
cnndm9825,198,Twitter suspended accounts for making threats of violence.,Y,,cnndm9825,1
cnndm9825,199,Suspensions were linked to a campaign by Collective Anonymous / 'hacktavist',Y,,cnndm9825,1
cnndm9825,200,Collective Anonymous are a 'hacktavist',Y,,cnndm9825,1
cnndm9825,201,The campaign / Collective Anonymous / 'hacktavist' targeted online jihadis.,Y,,cnndm9825,1
cnndm9825,202,BLANK,N,,cnndm9825,1
cnndm9825,203,BLANK,N,,cnndm9825,1
cnndm9825,204,BLANK,N,,cnndm9825,1
cnndm9825,205,BLANK,N,,cnndm9825,1
cnndm9825,206,BLANK,N,,cnndm9825,1
cnndm9825,207,BLANK,N,,cnndm9825,1
cnndm5075,208,McHenry was 28 years old.,Y,,cnndm5075,1
cnndm5075,209,McHenry berated Gina Michelle.,Y,,cnndm5075,1
cnndm5075,210,Gina Michelle was a single mother.,Y,,cnndm5075,1
cnndm5075,211,McHenry berated GIna Michelle for towing her car.,Y,,cnndm5075,1
cnndm5075,212,McHenry insulted Gina Michelle's looks.,Y,,cnndm5075,1
cnndm5075,213,McHenry insulted Gina Michelle's social status.,Y,,cnndm5075,1
cnndm5075,214,McHenry insulted Gina Michelle's in a footage.,Y,,cnndm5075,1
cnndm5075,215,The footage has gone viral.,Y,,cnndm5075,1
cnndm5075,216,ESPN suspended McHenry.,Y,,cnndm5075,1
cnndm5075,217,McHenry was a sports reporter.,Y,,cnndm5075,1
cnndm5075,218,ESPN suspended McHenry for a week.,Y,,cnndm5075,1
cnndm5075,219,McHenry is being investigated.,Y,,cnndm5075,1
cnndm5075,220,There were thousands of calls for McHenry to be fired.,Y,,cnndm5075,1
cnndm5075,221,McHenry returned this week.,Y,,cnndm5075,1
cnndm5075,222,BLANK,N,,cnndm5075,1
cnndm5075,223,BLANK,N,,cnndm5075,1
cnndm8334,224,Didier Drogba given an award.,Y,,cnndm8334,1
cnndm8334,225,Didier Drogba given Barclays Spirit of the Game Award.,Y,,cnndm8334,1
cnndm8334,226,Didier Drogba was a 37 year old.,Y,,cnndm8334,1
cnndm8334,227,Didier Drogba's foundation has done impressive work.,Y,,cnndm8334,1
cnndm8334,228,Didier Drogba's foundation has done work in Africa.,Y,,cnndm8334,1
cnndm8334,229,Some of Chelsea's stars attended a charity ball.,Y,,cnndm8334,1
cnndm8334,230,"The charity ball raised 400,000.",Y,,cnndm8334,1
cnndm8334,231,Click here for all the latest Chelsea News .,Y,,cnndm8334,1
cnndm8334,232,BLANK,N,,cnndm8334,1
cnndm8334,233,BLANK,N,,cnndm8334,1
cnndm8334,234,BLANK,N,,cnndm8334,1
cnndm8334,235,BLANK,N,,cnndm8334,1
cnndm8334,236,BLANK,N,,cnndm8334,1
cnndm8334,237,BLANK,N,,cnndm8334,1
cnndm8334,238,BLANK,N,,cnndm8334,1
cnndm8334,239,BLANK,N,,cnndm8334,1
cnndm1944,240,Domenico Rancadore given a sentence.,Y,,cnndm1944,1
cnndm1944,241,Domenico Rancadore sentenced for 7 years.,Y,,cnndm1944,1
cnndm1944,242,Domenico Rancadore sentenced by Italian court.,Y,,cnndm1944,1
cnndm1944,243,Domenico Rancadore sentenced in 1999.,Y,,cnndm1944,1
cnndm1944,244,Domenico Rancadore was convicted for role as Man of Honour.,Y,,cnndm1944,1
cnndm1944,245,Domenico Rancadore took bribes from builders.,Y,,cnndm1944,1
cnndm1944,246,Domenico Rancadore was a Sicilian Mafia fugitive.,Y,,cnndm1944,1
cnndm1944,247,Domenico Rancadore lost battle against extradition to Italy.,Y,,cnndm1944,1
cnndm1944,248,Today a news emerged.,Y,,cnndm1944,1
cnndm1944,249,Domenico Rancadore was a 65 year old.,Y,,cnndm1944,1
cnndm1944,250,Domenico Rancadore's case expired in October last year.,Y,,cnndm1944,1
cnndm1944,251,BLANK,N,,cnndm1944,1
cnndm1944,252,BLANK,N,,cnndm1944,1
cnndm1944,253,BLANK,N,,cnndm1944,1
cnndm1944,254,BLANK,N,,cnndm1944,1
cnndm1944,255,BLANK,N,,cnndm1944,1
cnndm9221,256,A clip shows a mysterious black cloud.,Y,,cnndm9221,1
cnndm9221,257,The cloud was hanging over Shortandy.,Y,,cnndm9221,1
cnndm9221,258,The cloud was in the shape of a hoop.,Y,,cnndm9221,1
cnndm9221,259,The cloud did not move for more than 15 minutes.,Y,,cnndm9221,1
cnndm9221,260,The clip has been viewed many times.,Y,,cnndm9221,1
cnndm9221,261,The views on the clip are in the tens of thousands.,Y,,cnndm9221,1
cnndm9221,262,The clip has been viewed on YouTube.,Y,,cnndm9221,1
cnndm9221,263,The viewers suggest that the cloud was an alien spacecraft.,Y,,cnndm9221,1
cnndm9221,264,Experts think the cloud could have been caused by nearby factories.,Y,,cnndm9221,1
cnndm9221,265,BLANK,N,,cnndm9221,1
cnndm9221,266,BLANK,N,,cnndm9221,1
cnndm9221,267,BLANK,N,,cnndm9221,1
cnndm9221,268,BLANK,N,,cnndm9221,1
cnndm9221,269,BLANK,N,,cnndm9221,1
cnndm9221,270,BLANK,N,,cnndm9221,1
cnndm9221,271,BLANK,N,,cnndm9221,1
cnndm6714,272,General Motors unveiled their concept car.,Y,,cnndm6714,1
cnndm6714,273,General Motors unveiled their car at an event in Shanghai.,Y,,cnndm6714,1
cnndm6714,274,Chevrolet - Fnr has Dragonfly Swing doors.,Y,,cnndm6714,1
cnndm6714,275,Chevrolet - Fnr has Crystal Laser headlights.,Y,,cnndm6714,1
cnndm6714,276,The car is self driving.,Y,,cnndm6714,1
cnndm6714,277,The car is electric.,Y,,cnndm6714,1
cnndm6714,278,The car's front chairs can swivel round.,Y,,cnndm6714,1
cnndm6714,279,The car can be started using just your eyes.,Y,,cnndm6714,1
cnndm6714,280,The car can be started using Iris recognition software.,Y,,cnndm6714,1
cnndm6714,281,BLANK,N,,cnndm6714,1
cnndm6714,282,BLANK,N,,cnndm6714,1
cnndm6714,283,BLANK,N,,cnndm6714,1
cnndm6714,284,BLANK,N,,cnndm6714,1
cnndm6714,285,BLANK,N,,cnndm6714,1
cnndm6714,286,BLANK,N,,cnndm6714,1
cnndm6714,287,BLANK,N,,cnndm6714,1
cnndm7058,288,Real Madrid played Granada.,Y,,cnndm7058,1
cnndm7058,289,Real Madrid played at the Weekend.,Y,,cnndm7058,1
cnndm7058,290,Granada played at the weekend.,Y,,cnndm7058,1
cnndm7058,291,Real Madrid beat Granada.,Y,,cnndm7058,1
cnndm7058,292,Real Madrid beat Granada 9 - 1.,Y,,cnndm7058,1
cnndm7058,293,Cristiano Ronaldo scored five.,Y,,cnndm7058,1
cnndm7058,294,Cristiano Ronaldo's tally is 36 for the season.,Y,,cnndm7058,1
cnndm7058,295,Real travel to Rayo Vallecano.,Y,,cnndm7058,1
cnndm7058,296,Real play on Wednesday night.,Y,,cnndm7058,1
cnndm7058,297,Rayo Vallecano play on Wednesday night.,Y,,cnndm7058,1
cnndm7058,298,Juventus played Fiorentina.,Y,,cnndm7058,1
cnndm7058,299,Juventus beat Fiorentina 3 - 0.,Y,,cnndm7058,1
cnndm7058,300,Juventus reach Coppa Italia Final.,Y,,cnndm7058,1
cnndm7058,301,Juventus reach Coppa Italia Final on Tuesday.,Y,,cnndm7058,1
cnndm7058,302,BLANK,N,,cnndm7058,1
cnndm7058,303,BLANK,N,,cnndm7058,1
cnndm2736,304,Eva Chapin is 34 years old.,Y,,cnndm2736,1
cnndm2736,305,Eva Chapi is from West Linn.,Y,,cnndm2736,1
cnndm2736,306,Eva Chapi is from Oregon.,Y,,cnndm2736,1
cnndm2736,307,Eva Chapi has been accused of harassment.,Y,,cnndm2736,1
cnndm2736,308,Eva Chapi referred to her neighbors as ' n ***** '.,Y,,cnndm2736,1
cnndm2736,309,Eva Chapi insists she is not racist.,Y,,cnndm2736,1
cnndm2736,310,Eva Chapi wront a note.,Y,,cnndm2736,1
cnndm2736,311,The note said that there were non [ expletive ] in West Linn untill the neighbors came.,Y,,cnndm2736,1
cnndm2736,312,Victim/neighbors said her family may be forced to move.,Y,,cnndm2736,1
cnndm2736,313,Victim/neighbors said they don't feel safe.,Y,,cnndm2736,1
cnndm2736,314,BLANK,N,,cnndm2736,1
cnndm2736,315,BLANK,N,,cnndm2736,1
cnndm2736,316,BLANK,N,,cnndm2736,1
cnndm2736,317,BLANK,N,,cnndm2736,1
cnndm2736,318,BLANK,N,,cnndm2736,1
cnndm2736,319,BLANK,N,,cnndm2736,1
cnndm1521,320,Dominatrix claims she shared a kiss.,Y,,cnndm1521,1
cnndm1521,321,The kiss was hot.,Y,,cnndm1521,1
cnndm1521,322,The kiss was deep.,Y,,cnndm1521,1
cnndm1521,323,Dominatrix claimed she kissed Prince Harry.,Y,,cnndm1521,1
cnndm1521,324,Dominatrix claimed she kissed in Vegas.,Y,,cnndm1521,1
cnndm1521,325,Carrie Reichert was a dominatrix.,Y,,cnndm1521,1
cnndm1521,326,Carri Reichert / dominatrix said she felt overdressed.,Y,,cnndm1521,1
cnndm1521,327,Carri Reichert / dominatrix said she saw Prince Harry's a**.,Y,,cnndm1521,1
cnndm1521,328,Carri Reichert was 43 years old.,Y,,cnndm1521,1
cnndm1521,329,Carri Reichert / the 43 year old claimed in her book.,Y,,cnndm1521,1
cnndm1521,330,The book was upcoming.,Y,,cnndm1521,1
cnndm1521,331,Kensington Palace denied Carrie Reichart was invited.,Y,,cnndm1521,1
cnndm1521,332,Kensington Palace denied Carrie Reichart was invited to the hotel suite.,Y,,cnndm1521,1
cnndm1521,333,BLANK,N,,cnndm1521,1
cnndm1521,334,BLANK,N,,cnndm1521,1
cnndm1521,335,BLANK,N,,cnndm1521,1
cnndm5420,336,Dayna Dobias is 19 years old.,Y,,cnndm5420,1
cnndm5420,337,Dayna Dobias has created a video.,Y,,cnndm5420,1
cnndm5420,338,"In Dayna Dobias's video, she dances.",Y,,cnndm5420,1
cnndm5420,339,Dayna Dobias has a disability.,Y,,cnndm5420,1
cnndm5420,340,Dayna Dobias's disability makes it difficult for her to walk.,Y,,cnndm5420,1
cnndm5420,341,Dayna Dobias loves TV.,Y,,cnndm5420,1
cnndm5420,342,Dayna Dobias loves film.,Y,,cnndm5420,1
cnndm5420,343,Dayna Dobias loves fashion.,Y,,cnndm5420,1
cnndm5420,344,Dayna Dobias is not happy with how people with disabilities are represented.,Y,,cnndm5420,1
cnndm5420,345,Dayna Dobias has created several videos.,Y,,cnndm5420,1
cnndm5420,346,Dayna Dobias's videos aim at changing stereotypes.,Y,,cnndm5420,1
cnndm5420,347,Dayna Dobias has created several videos during the past year.,Y,,cnndm5420,1
cnndm5420,348,BLANK,N,,cnndm5420,1
cnndm5420,349,BLANK,N,,cnndm5420,1
cnndm5420,350,BLANK,N,,cnndm5420,1
cnndm5420,351,BLANK,N,,cnndm5420,1
cnndm7823,352,Bundles of notes spilled onto Interstate 20.,Y,,cnndm7823,1
cnndm7823,353,The bundles of notes were spilled in Albilene Texas.,Y,,cnndm7823,1
cnndm7823,354,The bundles of notes were spilled on Friday.,Y,,cnndm7823,1
cnndm7823,355,Passenger door of vehicle was flung open.,Y,,cnndm7823,1
cnndm7823,356,The opening of door released the money onto the road.,Y,,cnndm7823,1
cnndm7823,357,Motorists pulled over.,Y,,cnndm7823,1
cnndm7823,358,Motorists abandoned their vehicles.,Y,,cnndm7823,1
cnndm7823,359,Motorists picked up the cash.,Y,,cnndm7823,1
cnndm7823,360,Police have warned anyone caught with the money will be arrested.,Y,,cnndm7823,1
cnndm7823,361,BLANK,N,,cnndm7823,1
cnndm7823,362,BLANK,N,,cnndm7823,1
cnndm7823,363,BLANK,N,,cnndm7823,1
cnndm7823,364,BLANK,N,,cnndm7823,1
cnndm7823,365,BLANK,N,,cnndm7823,1
cnndm7823,366,BLANK,N,,cnndm7823,1
cnndm7823,367,BLANK,N,,cnndm7823,1
cnndm9781,368,Eduardo Vargas put QPR ahead.,Y,,cnndm9781,1
cnndm9781,369,Eduardo Vargas had a spectacular strike.,Y,,cnndm9781,1
cnndm9781,370,The strike was from 25 yards.,Y,,cnndm9781,1
cnndm9781,371,The strike was after 15 minutes.,Y,,cnndm9781,1
cnndm9781,372,Charlie Austin doubled the lead.,Y,,cnndm9781,1
cnndm9781,373,Charlie Austin scored with a header.,Y,,cnndm9781,1
cnndm9781,374,Charlie Austin scored 20 minutes later.,Y,,cnndm9781,1
cnndm9781,375,Bobby Zamora made it three.,Y,,cnndm9781,1
cnndm9781,376,Victor Anichebe pulled one back for West Brom.,Y,,cnndm9781,1
cnndm9781,377,Youssouf Mulumbu was sent off.,Y,,cnndm9781,1
cnndm9781,378,Joey Barton scored.,Y,,cnndm9781,1
cnndm9781,379,BLANK,N,,cnndm9781,1
cnndm9781,380,BLANK,N,,cnndm9781,1
cnndm9781,381,BLANK,N,,cnndm9781,1
cnndm9781,382,BLANK,N,,cnndm9781,1
cnndm9781,383,BLANK,N,,cnndm9781,1
cnndm5635,384,A Speed Camera was discovered pointing at a house.,Y,,cnndm5635,1
cnndm5635,385,The house was in Handsworth.,Y,,cnndm5635,1
cnndm5635,386,Handsworth was in Birmingham.,Y,,cnndm5635,1
cnndm5635,387,Fixed cameras were switched off across the West Midlands.,Y,,cnndm5635,1
cnndm5635,388,Fixed cameras were switched off across West Midlands in Spring of 2013.,Y,,cnndm5635,1
cnndm5635,389,She is not going to be part of a new trial.,Y,,cnndm5635,1
cnndm5635,390,The trial is about digital technology.,Y,,cnndm5635,1
cnndm5635,391,Obsolete camera may be taken down.,Y,,cnndm5635,1
cnndm5635,392,Engineers examine the device.,Y,,cnndm5635,1
cnndm5635,393,BLANK,N,,cnndm5635,1
cnndm5635,394,BLANK,N,,cnndm5635,1
cnndm5635,395,BLANK,N,,cnndm5635,1
cnndm5635,396,BLANK,N,,cnndm5635,1
cnndm5635,397,BLANK,N,,cnndm5635,1
cnndm5635,398,BLANK,N,,cnndm5635,1
cnndm5635,399,BLANK,N,,cnndm5635,1
cnndm11343,400,Danilo agrred this week.,Y,,cnndm11343,1
cnndm11343,401,Danilo agreed to join Real Madrid.,Y,,cnndm11343,1
cnndm11343,402,Danilo agreed to join in the summer.,Y,,cnndm11343,1
cnndm11343,403,Danilo agreed to join for 23 million.,Y,,cnndm11343,1
cnndm11343,404,Total player sales is 440 million since 2004.,Y,,cnndm11343,1
cnndm11343,405,James Rodriguez sold by Porto.,Y,,cnndm11343,1
cnndm11343,406,Pepe sold by Porto.,Y,,cnndm11343,1
cnndm11343,407,Radamel Falcao sold by Porto.,Y,,cnndm11343,1
cnndm11343,408,Click here for all the latest Real Madrid News .,Y,,cnndm11343,1
cnndm11343,409,Players sold by Porto.,Y,,cnndm11343,1
cnndm11343,410,BLANK,N,,cnndm11343,1
cnndm11343,411,BLANK,N,,cnndm11343,1
cnndm11343,412,BLANK,N,,cnndm11343,1
cnndm11343,413,BLANK,N,,cnndm11343,1
cnndm11343,414,BLANK,N,,cnndm11343,1
cnndm11343,415,BLANK,N,,cnndm11343,1
cnndm3621,416,John Helm was commentating on the game.,Y,,cnndm3621,1
cnndm3621,417,John Helm was commentating on the day the fire broke out.,Y,,cnndm3621,1
cnndm3621,418,John Helm gives his insight about what caused the fire.,Y,,cnndm3621,1
cnndm3621,419,The fire was caused 30 years ago.,Y,,cnndm3621,1
cnndm3621,420,John Helm said there wasn't a lot of evidence to suggest the fire was caused deliberately.,Y,,cnndm3621,1
cnndm3621,421,BLANK,N,,cnndm3621,1
cnndm3621,422,BLANK,N,,cnndm3621,1
cnndm3621,423,BLANK,N,,cnndm3621,1
cnndm3621,424,BLANK,N,,cnndm3621,1
cnndm3621,425,BLANK,N,,cnndm3621,1
cnndm3621,426,BLANK,N,,cnndm3621,1
cnndm3621,427,BLANK,N,,cnndm3621,1
cnndm3621,428,BLANK,N,,cnndm3621,1
cnndm3621,429,BLANK,N,,cnndm3621,1
cnndm3621,430,BLANK,N,,cnndm3621,1
cnndm3621,431,BLANK,N,,cnndm3621,1
cnndm1890,432,The worker was caught on camera.,Y,,cnndm1890,1
cnndm1890,433,The worker was caught by a member of the public.,Y,,cnndm1890,1
cnndm1890,434,Field owner was Clements and son.,Y,,cnndm1890,1
cnndm1890,435,Field owner was alerted.,Y,,cnndm1890,1
cnndm1890,436,The worker was a man.,Y,,cnndm1890,1
cnndm1890,437,The worker was sacked.,Y,,cnndm1890,1
cnndm1890,438,The passer used mobile phone to snap photo.,Y,,cnndm1890,1
cnndm1890,439,The passer branded the act disgusting.,Y,,cnndm1890,1
cnndm1890,440,Tesco said Vegetables Undergo ' extensive assessment ' before hitting shelves .,Y,,cnndm1890,1
cnndm1890,441,BLANK,N,,cnndm1890,1
cnndm1890,442,BLANK,N,,cnndm1890,1
cnndm1890,443,BLANK,N,,cnndm1890,1
cnndm1890,444,BLANK,N,,cnndm1890,1
cnndm1890,445,BLANK,N,,cnndm1890,1
cnndm1890,446,BLANK,N,,cnndm1890,1
cnndm1890,447,BLANK,N,,cnndm1890,1
cnndm2292,448,Emmanuel Adebayor has contract with Tottenham.,Y,,cnndm2292,1
cnndm2292,449,Emmanuel Adebayor's contract runs out in 2016.,Y,,cnndm2292,1
cnndm2292,450,Emmanuel Adebayor is a striker.,Y,,cnndm2292,1
cnndm2292,451,Emmanuel Adebayor / the striker wants more than his current salary.,Y,,cnndm2292,1
cnndm2292,452,Emmanuel Adebayor / the stirker earns 5.2 million.,Y,,cnndm2292,1
cnndm2292,453,Emmanuel Adebayor / the striker wants more than his current salary before accepting a move out of White Hart Lane.,Y,,cnndm2292,1
cnndm2292,454,Emmanuel Adebayor / the striker is from Togolese.,Y,,cnndm2292,1
cnndm2292,455,Emmanuel Adebayor / the striker has made nine league starts.,Y,,cnndm2292,1
cnndm2292,456,Emmanuel Adebayor / the striker has made nine league starts this season.,Y,,cnndm2292,1
cnndm2292,457,BLANK,N,,cnndm2292,1
cnndm2292,458,BLANK,N,,cnndm2292,1
cnndm2292,459,BLANK,N,,cnndm2292,1
cnndm2292,460,BLANK,N,,cnndm2292,1
cnndm2292,461,BLANK,N,,cnndm2292,1
cnndm2292,462,BLANK,N,,cnndm2292,1
cnndm2292,463,BLANK,N,,cnndm2292,1
cnndm5912,464,Manchester United take on Manchester City.,Y,,cnndm5912,1
cnndm5912,465,The match is going to take place on Sunday.,Y,,cnndm5912,1
cnndm5912,466,The match will begin at 4 pm.,Y,,cnndm5912,1
cnndm5912,467,The match will take place at Old Trafford Home.,Y,,cnndm5912,1
cnndm5912,468,Police have no objections to the kick-off being late in the afternoon.,Y,,cnndm5912,1
cnndm5912,469,34 fans were arrested at Wembley.,Y,,cnndm5912,1
cnndm5912,470,The fans were arrested in 2011.,Y,,cnndm5912,1
cnndm5912,471,The fans were arrested in FA Cup semi-final.,Y,,cnndm5912,1
cnndm5912,472,The fans were arrested in the last late afternoon weekend kick-off.,Y,,cnndm5912,1
cnndm5912,473,The fans were arrested in the last late afternoon weekend kick-off in the Manchester Derby.,Y,,cnndm5912,1
cnndm5912,474,BLANK,N,,cnndm5912,1
cnndm5912,475,BLANK,N,,cnndm5912,1
cnndm5912,476,BLANK,N,,cnndm5912,1
cnndm5912,477,BLANK,N,,cnndm5912,1
cnndm5912,478,BLANK,N,,cnndm5912,1
cnndm5912,479,BLANK,N,,cnndm5912,1
cnndm5231,480,Ace is a Border Collie.,Y,,cnndm5231,1
cnndm5231,481,Holly is a Border Collie.,Y,,cnndm5231,1
cnndm5231,482,The Border Collies (or Ace and Holly) were caught on camera.,Y,,cnndm5231,1
cnndm5231,483,The Border Collies performed a gravity defying feat.,Y,,cnndm5231,1
cnndm5231,484,The Border Collies were pooches.,Y,,cnndm5231,1
cnndm5231,485,The Border Collies / pooches stood on their hind legs.,Y,,cnndm5231,1
cnndm5231,486,The Border Collies stood on their owner/their trainer/Dai Aoki.,Y,,cnndm5231,1
cnndm5231,487,Dai Aoki is the trainer of the Border Collies/pooches.,Y,,cnndm5231,1
cnndm5231,488,Dai Aoki is the owner of the Border Collies/pooches.,Y,,cnndm5231,1
cnndm5231,489,The Border Collies have appeared in a number of videos.,Y,,cnndm5231,1
cnndm5231,490,The videos show the Border Collies showing off their tricks.,Y,,cnndm5231,1
cnndm5231,491,BLANK,N,,cnndm5231,1
cnndm5231,492,BLANK,N,,cnndm5231,1
cnndm5231,493,BLANK,N,,cnndm5231,1
cnndm5231,494,BLANK,N,,cnndm5231,1
cnndm5231,495,BLANK,N,,cnndm5231,1
cnndm7174,496,Audrey Alexander wanted something from her neighbours.,Y,,cnndm7174,1
cnndm7174,497,Audrey Alexander wanted her neighbours to chop down their hedge.,Y,,cnndm7174,1
cnndm7174,498,The hedge was huge.,Y,,cnndm7174,1
cnndm7174,499,The hedge was 40ft,Y,,cnndm7174,1
cnndm7174,500,The hedge was a leylandii.,Y,,cnndm7174,1
cnndm7174,501,The hedge was blocking sunlight.,Y,,cnndm7174,1
cnndm7174,502,The hedge was blocking sunlight from reaching Audrey Alexander's home.,Y,,cnndm7174,1
cnndm7174,503,There was a feud in 1980.,Y,,cnndm7174,1
cnndm7174,504,The hedge blocked light from reaching a vegetable patch.,Y,,cnndm7174,1
cnndm7174,505,Council rules that hedge can stay.,Y,,cnndm7174,1
cnndm7174,506,Council rules that hedge must be cut back to 20 ft.,Y,,cnndm7174,1
cnndm7174,507,BLANK,N,,cnndm7174,1
cnndm7174,508,BLANK,N,,cnndm7174,1
cnndm7174,509,BLANK,N,,cnndm7174,1
cnndm7174,510,BLANK,N,,cnndm7174,1
cnndm7174,511,BLANK,N,,cnndm7174,1
cnndm7535,512,Air strikes were launched by Saudi forces.,Y,,cnndm7535,1
cnndm7535,513,Air strikes were launched a month ago.,Y,,cnndm7535,1
cnndm7535,514,Air strikes were launched against rebels.,Y,,cnndm7535,1
cnndm7535,515,Saudi forces have been beating back Shite Houthi.,Y,,cnndm7535,1
cnndm7535,516,Shite Houthis are rebels.,Y,,cnndm7535,1
cnndm7535,517,Shite Houthis are in Yemen.,Y,,cnndm7535,1
cnndm7535,518,Prince Alwaleed Bin Talal pledged Bentleys.,Y,,cnndm7535,1
cnndm7535,519,Prince Alwaleed Bin Talal pledged for pilots involved in bombings.,Y,,cnndm7535,1
cnndm7535,520,Prince Alwaleed Bin Talal / He pleged on Wednesday.,Y,,cnndm7535,1
cnndm7535,521,Prince Alwaleed Bin Talal / He pledged after bombing raids resumed.,Y,,cnndm7535,1
cnndm7535,522,Bombing raids resumed despite official announcement that they would be halted.,Y,,cnndm7535,1
cnndm7535,523,The official announcement came last night.,Y,,cnndm7535,1
cnndm7535,524,BLANK,N,,cnndm7535,1
cnndm7535,525,BLANK,N,,cnndm7535,1
cnndm7535,526,BLANK,N,,cnndm7535,1
cnndm7535,527,BLANK,N,,cnndm7535,1
cnndm4725,528,Rory Mcilroy faced with Jamie Dornan.,Y,,cnndm4725,1
cnndm4725,529,Jamie Dornan was in fifty shades of Grey.,Y,,cnndm4725,1
cnndm4725,530,mcilroy and Dornan took part in the Circular Soccer Showdown.,Y,,cnndm4725,1
cnndm4725,531,It was the first circular soccer showdown of 2015.,Y,,cnndm4725,1
cnndm4725,532,Mcilroy finished strongly.,Y,,cnndm4725,1
cnndm4725,533,Mcilroy finished fourth.,Y,,cnndm4725,1
cnndm4725,534,Mcilroy played at the masters.,Y,,cnndm4725,1
cnndm4725,535,It Won't be too long before mcilroy wins a Masters .,Y,,cnndm4725,1
cnndm4725,536,BLANK,N,,cnndm4725,1
cnndm4725,537,BLANK,N,,cnndm4725,1
cnndm4725,538,BLANK,N,,cnndm4725,1
cnndm4725,539,BLANK,N,,cnndm4725,1
cnndm4725,540,BLANK,N,,cnndm4725,1
cnndm4725,541,BLANK,N,,cnndm4725,1
cnndm4725,542,BLANK,N,,cnndm4725,1
cnndm4725,543,BLANK,N,,cnndm4725,1
cnndm10231,544,Drew Miller plays for Detroit Red Wings.,Y,,cnndm10231,1
cnndm10231,545,Drew Miller was caught by a skate.,Y,,cnndm10231,1
cnndm10231,546,Drew Miller was caught in the first period.,Y,,cnndm10231,1
cnndm10231,547,Detroit Red Wings played against Ottawa Senators.,Y,,cnndm10231,1
cnndm10231,548,The cut required stitches to close.,Y,,cnndm10231,1
cnndm10231,549,The cut required 50-60 stitches to close.,Y,,cnndm10231,1
cnndm10231,550,The cut did not damage Miller's eye.,Y,,cnndm10231,1
cnndm10231,551,The Detroit Red Wings lost 2-1.,Y,,cnndm10231,1
cnndm10231,552,The Detroit Red wings remain in third place.,Y,,cnndm10231,1
cnndm10231,553,The Detroit Red Wings play in the Atlantic Division.,Y,,cnndm10231,1
cnndm10231,554,BLANK,N,,cnndm10231,1
cnndm10231,555,BLANK,N,,cnndm10231,1
cnndm10231,556,BLANK,N,,cnndm10231,1
cnndm10231,557,BLANK,N,,cnndm10231,1
cnndm10231,558,BLANK,N,,cnndm10231,1
cnndm10231,559,BLANK,N,,cnndm10231,1
cnndm8001,560,Winchester Council is in Hampshire,Y,,cnndm8001,1
cnndm8001,561,Winchester Council claimed annual clean - up,Y,,cnndm8001,1
cnndm8001,562,Winchester Council was hit by new rules.,Y,,cnndm8001,1
cnndm8001,563,Health and Safety Executive denied tightening rules.,Y,,cnndm8001,1
cnndm8001,564,Health and Safety Executive said that counciles were over-interpreting legislation.,Y,,cnndm8001,1
cnndm8001,565,Sir Andrew Motion is a poet laureate.,Y,,cnndm8001,1
cnndm8001,566,Sir Andrew Motion accused Town Hall bosses.,Y,,cnndm8001,1
cnndm8001,567,Sir Andrew Motion accused Highways Agency.,Y,,cnndm8001,1
cnndm8001,568,The accusation was of ruining the countryside.,Y,,cnndm8001,1
cnndm8001,569,The accusation was of failing to remove rubbish.,Y,,cnndm8001,1
cnndm8001,570,BLANK,N,,cnndm8001,1
cnndm8001,571,BLANK,N,,cnndm8001,1
cnndm8001,572,BLANK,N,,cnndm8001,1
cnndm8001,573,BLANK,N,,cnndm8001,1
cnndm8001,574,BLANK,N,,cnndm8001,1
cnndm8001,575,BLANK,N,,cnndm8001,1
cnndm10586,576,Students discovered colonies.,Y,,cnndm10586,1
cnndm10586,577,Students were from University of Surrey.,Y,,cnndm10586,1
cnndm10586,578,There were thousands of colonies.,Y,,cnndm10586,1
cnndm10586,579,Students submerged coins in agar.,Y,,cnndm10586,1
cnndm10586,580,Students submerged notes in agar.,Y,,cnndm10586,1
cnndm10586,581,Submerging things in agar accelerated growth PF bacteria.,Y,,cnndm10586,1
cnndm10586,582,Most bacteria was harmless on the money.,Y,,cnndm10586,1
cnndm10586,583,One bacteria caused boils.,Y,,cnndm10586,1
cnndm10586,584,One bacteria caused spots.,Y,,cnndm10586,1
cnndm10586,585,Previous studies have revealed MRSA bacteria on notes.,Y,,cnndm10586,1
cnndm10586,586,Previous studies have revealed MRSA bacteria on coins.,Y,,cnndm10586,1
cnndm10586,587,BLANK,N,,cnndm10586,1
cnndm10586,588,BLANK,N,,cnndm10586,1
cnndm10586,589,BLANK,N,,cnndm10586,1
cnndm10586,590,BLANK,N,,cnndm10586,1
cnndm10586,591,BLANK,N,,cnndm10586,1
cnndm7547,592,Floy Mayweather and Manny Pacquiao face off.,Y,,cnndm7547,1
cnndm7547,593,The face off will happen in Las Vegas.,Y,,cnndm7547,1
cnndm7547,594,The face off will happen on May 2.,Y,,cnndm7547,1
cnndm7547,595,Joe Calzaghe believes Mayweather's unbeaten record is a burden.,Y,,cnndm7547,1
cnndm7547,596,Mayweather has an unbeaten record.,Y,,cnndm7547,1
cnndm7547,597,Joe Calzaghe is a Welshman.,Y,,cnndm7547,1
cnndm7547,598,Joe Calzaghe thinks Mayweather will beat Manny Pacquiao.,Y,,cnndm7547,1
cnndm7547,599,Ricky Hatton gives prediciton to Jeff Powell.,Y,,cnndm7547,1
cnndm7547,600,The tickets of the face off go on sale.,Y,,cnndm7547,1
cnndm7547,601,BLANK,N,,cnndm7547,1
cnndm7547,602,BLANK,N,,cnndm7547,1
cnndm7547,603,BLANK,N,,cnndm7547,1
cnndm7547,604,BLANK,N,,cnndm7547,1
cnndm7547,605,BLANK,N,,cnndm7547,1
cnndm7547,606,BLANK,N,,cnndm7547,1
cnndm7547,607,BLANK,N,,cnndm7547,1
cnndm5524,608,A hotel is designed by Jacques Garcia.,Y,,cnndm5524,1
cnndm5524,609,The hotel is opulent.,Y,,cnndm5524,1
cnndm5524,610,The hotel is edgy.,Y,,cnndm5524,1
cnndm5524,611,The hotel is inspired by the aesthetic of the Belle Epoque era.,Y,,cnndm5524,1
cnndm5524,612,The hotel is named Pigalle Haunt.,Y,,cnndm5524,1
cnndm5524,613,The hotel has Arabian decor.,Y,,cnndm5524,1
cnndm5524,614,The hotel has Napoleon III decor.,Y,,cnndm5524,1
cnndm5524,615,The hotel reminds of the cit's pleasure houses.,Y,,cnndm5524,1
cnndm5524,616,The hotel has a conservatory.,Y,,cnndm5524,1
cnndm5524,617,The conservatory is charming.,Y,,cnndm5524,1
cnndm5524,618,The conservatory is available for guest use.,Y,,cnndm5524,1
cnndm5524,619,The hotel has a library bar.,Y,,cnndm5524,1
cnndm5524,620,The hotel has a celestial spa.,Y,,cnndm5524,1
cnndm5524,621,The library bar is available for guest use.,Y,,cnndm5524,1
cnndm5524,622,The celestial spa is available for guest use.,Y,,cnndm5524,1
cnndm5524,623,The celestial spa is available for private rental.,Y,,cnndm5524,1
cnndm9086,624,Manchester City have been linked with Raheem Sterling.,Y,,cnndm9086,1
cnndm9086,625,Manchester City have been linked with summer move for Raheem Sterling.,Y,,cnndm9086,1
cnndm9086,626,Raheem Sterling has two years left on his contract.,Y,,cnndm9086,1
cnndm9086,627,Raheem Sterling is stalling on a new deal.,Y,,cnndm9086,1
cnndm9086,628,Brendan Rodgers says a move to city would not be a step up for Sterling.,Y,,cnndm9086,1
cnndm9086,629,Brendan Rodgers indicated it will take Manchester City 20 years to eclipse Liverpool.,Y,,cnndm9086,1
cnndm9086,630,BLANK,N,,cnndm9086,1
cnndm9086,631,BLANK,N,,cnndm9086,1
cnndm9086,632,BLANK,N,,cnndm9086,1
cnndm9086,633,BLANK,N,,cnndm9086,1
cnndm9086,634,BLANK,N,,cnndm9086,1
cnndm9086,635,BLANK,N,,cnndm9086,1
cnndm9086,636,BLANK,N,,cnndm9086,1
cnndm9086,637,BLANK,N,,cnndm9086,1
cnndm9086,638,BLANK,N,,cnndm9086,1
cnndm9086,639,BLANK,N,,cnndm9086,1
cnndm7397,640,Lynne Abraham is a candidate.,Y,,cnndm7397,1
cnndm7397,641,Candidate / Lynne Abraham says she suffered a drop in blood pressure.,Y,,cnndm7397,1
cnndm7397,642,The drop in blood pressure was momentary.,Y,,cnndm7397,1
cnndm7397,643,Candidate / Lynne Abraham says the drop in blood pressure has never happened before .,Y,,cnndm7397,1
cnndm7397,644,A doctor kept candidate / Lynne Abraham from returning to the debate.,Y,,cnndm7397,1
cnndm7397,645,Candidate / Lynne Abraham was kept from returning to the debate.,Y,,cnndm7397,1
cnndm7397,646,Candidate / Lynne Abraham is a former District Attorney.,Y,,cnndm7397,1
cnndm7397,647,Candidate / Lynne Abraham is a 74 - year - old.,Y,,cnndm7397,1
cnndm7397,648,Candidate / Lynne Abraham says she will not let the incident affect her campaign .,Y,,cnndm7397,1
cnndm7397,649,Candidate / Lynne Abraham is running a campaign .,Y,,cnndm7397,1
cnndm7397,650,BLANK,N,,cnndm7397,1
cnndm7397,651,BLANK,N,,cnndm7397,1
cnndm7397,652,BLANK,N,,cnndm7397,1
cnndm7397,653,BLANK,N,,cnndm7397,1
cnndm7397,654,BLANK,N,,cnndm7397,1
cnndm7397,655,BLANK,N,,cnndm7397,1
cnndm1573,656,Tournament performances have restored Andy Murray to World No 3 .,Y,,cnndm1573,1
cnndm1573,657,Andy Murray has been restored to World No 3 .,Y,,cnndm1573,1
cnndm1573,658,The wedding takes Andy Murray's No 1 spot this week .,Y,,cnndm1573,1
cnndm1573,659,Andy Murray is going to marry Kim Sears.,Y,,cnndm1573,1
cnndm1573,660,The wedding is this week.,Y,,cnndm1573,1
cnndm1573,661,Kin Sears is Andy Murray's fianc√©e.,Y,,cnndm1573,1
cnndm1573,662,The wedding is in Dunblane.,Y,,cnndm1573,1
cnndm1573,663,The wedding is this coming Saturday.,Y,,cnndm1573,1
cnndm1573,664,There are believed to be well over 100 names on the guest list .,Y,,cnndm1573,1
cnndm1573,665,The guest list is down - to - earth .,Y,,cnndm1573,1
cnndm1573,666,BLANK,N,,cnndm1573,1
cnndm1573,667,BLANK,N,,cnndm1573,1
cnndm1573,668,BLANK,N,,cnndm1573,1
cnndm1573,669,BLANK,N,,cnndm1573,1
cnndm1573,670,BLANK,N,,cnndm1573,1
cnndm1573,671,BLANK,N,,cnndm1573,1
cnndm9605,672,Chinese eateries could be using illegal meat.,Y,,cnndm9605,1
cnndm9605,673,Up to one in five Chinese eateries could be using illegal meat .,Y,,cnndm9605,1
cnndm9605,674,Chinese eateries could be selling soup using illegal meat .,Y,,cnndm9605,1
cnndm9605,675,Charity says how illegal meat is disguised / concealed.,Y,,cnndm9605,1
cnndm9605,676,The illegal meat is often disguised on menu.,Y,,cnndm9605,1
cnndm9605,677,The illegal meat is often only offered if requested.,Y,,cnndm9605,1
cnndm9605,678,People can bring meat into UK.,Y,,cnndm9605,1
cnndm9605,679,20 kg of meat can be brought into UK.,Y,,cnndm9605,1
cnndm9605,680,Meat can be brought for personal consumption.,Y,,cnndm9605,1
cnndm9605,681,Meat can be brought due to a loophole.,Y,,cnndm9605,1
cnndm9605,682,BLANK,N,,cnndm9605,1
cnndm9605,683,BLANK,N,,cnndm9605,1
cnndm9605,684,BLANK,N,,cnndm9605,1
cnndm9605,685,BLANK,N,,cnndm9605,1
cnndm9605,686,BLANK,N,,cnndm9605,1
cnndm9605,687,BLANK,N,,cnndm9605,1
cnndm10537,688,Matt Pliska has Down syndrome.,Y,,cnndm10537,1
cnndm10537,689,Matt Pliska is a High School student.,Y,,cnndm10537,1
cnndm10537,690,Mikenzy Snell is a High School student.,Y,,cnndm10537,1
cnndm10537,691,The High School is a Michigan High School.,Y,,cnndm10537,1
cnndm10537,692,Mikenzy Snell and Matt Pliska made plans.,Y,,cnndm10537,1
cnndm10537,693,The plan was to go to junior prom together.,Y,,cnndm10537,1
cnndm10537,694,The plans were made last year.,Y,,cnndm10537,1
cnndm10537,695,There was a prom picture.,Y,,cnndm10537,1
cnndm10537,696,The pair / Mikenzy Snell and Matt Pliska had a prom picture.,Y,,cnndm10537,1
cnndm10537,697,The pair / Mikenzy Snell and Matt Pliska held up a sign in the prom picture.,Y,,cnndm10537,1
cnndm10537,698,The sign read : ` Real Friends don't count chromosomes '.,Y,,cnndm10537,1
cnndm10537,699,The sign references a fact about Down syndrome / chromosomes.,Y,,cnndm10537,1
cnndm10537,700,People with Down syndrome have an extra copy of chromosome 21.,Y,,cnndm10537,1
cnndm10537,701,BLANK,N,,cnndm10537,1
cnndm10537,702,BLANK,N,,cnndm10537,1
cnndm10537,703,BLANK,N,,cnndm10537,1
cnndm6048,704,David Axelrod masterminded election victories .,Y,,cnndm6048,1
cnndm6048,705,David Axelrod was behind two election victories.,Y,,cnndm6048,1
cnndm6048,706,The past election victories were for presidential elections.,Y,,cnndm6048,1
cnndm6048,707,David Axelrod was hired by Labour leader Ed Miliband.,Y,,cnndm6048,1
cnndm6048,708,The hiring occurred last year.,Y,,cnndm6048,1
cnndm6048,709,The hiring occurred amid great fanfare.,Y,,cnndm6048,1
cnndm6048,710,David Axelrod revealed something at a book launch.,Y,,cnndm6048,1
cnndm6048,711,David Axelrod revealed he is not resident for tax purposes in UK .,Y,,cnndm6048,1
cnndm6048,712,David Axelrod is paid in dollars.,Y,,cnndm6048,1
cnndm6048,713,David Axelrod is paid through consultancy firm .,Y,,cnndm6048,1
cnndm6048,714,Labour confirms details of David Axelrod's payment.,Y,,cnndm6048,1
cnndm6048,715,The past election victories were for Obama.,Y,,cnndm6048,1
cnndm6048,716,BLANK,N,,cnndm6048,1
cnndm6048,717,BLANK,N,,cnndm6048,1
cnndm6048,718,BLANK,N,,cnndm6048,1
cnndm6048,719,BLANK,N,,cnndm6048,1
cnndm5558,720,Qantas' on time rating slipped.,Y,,cnndm5558,1
cnndm5558,721,"Qantas' on time rating is now 75th, out of the airlines using Heathrow .",Y,,cnndm5558,1
cnndm5558,722,There are 80 airlines using Heathrow .,Y,,cnndm5558,1
cnndm5558,723,Quantas airline could loose their landing strips at Heathrow airport.,Y,,cnndm5558,1
cnndm5558,724,Heathrow is a popular airport.,Y,,cnndm5558,1
cnndm5558,725,Quantas airline has eight landing strips at Heathrow airport.,Y,,cnndm5558,1
cnndm5558,726,Quantas airline is facing a fine.,Y,,cnndm5558,1
cnndm5558,727,"The fine that Quantas airline is facing is over 38,000 for every late flight.",Y,,cnndm5558,1
cnndm5558,728,The fine that Quantas airline is facing is applied to every late flight.,Y,,cnndm5558,1
cnndm5558,729,Qantas blamed air congestion.,Y,,cnndm5558,1
cnndm5558,730,Qantas blamed air congestion at Heathrow Airport.,Y,,cnndm5558,1
cnndm5558,731,Qantas blamed air congestion at Dubai Airport.,Y,,cnndm5558,1
cnndm5558,732,BLANK,N,,cnndm5558,1
cnndm5558,733,BLANK,N,,cnndm5558,1
cnndm5558,734,BLANK,N,,cnndm5558,1
cnndm5558,735,BLANK,N,,cnndm5558,1
cnndm6774,736,Kamal criticised decision.,Y,,cnndm6774,1
cnndm6774,737,Decision was to award no - ball against Rohit Sharma.,Y,,cnndm6774,1
cnndm6774,738,Decision was controversial.,Y,,cnndm6774,1
cnndm6774,739,Decision was Umpires' decision.,Y,,cnndm6774,1
cnndm6774,740,Decision was in World Cup match.,Y,,cnndm6774,1
cnndm6774,741,India and Bangladesh played World Cup match.,Y,,cnndm6774,1
cnndm6774,742,An allegation was made that India had used its influence in the ICC.,Y,,cnndm6774,1
cnndm6774,743,Bangladeshi president made an allegation.,Y,,cnndm6774,1
cnndm6774,744,Governing Body asked Bangladeshi president to withdraw his statement or apologise.,Y,,cnndm6774,1
cnndm6774,745,Kamal confirmed his intention.,Y,,cnndm6774,1
cnndm6774,746,Kamal's intention was to step down.,Y,,cnndm6774,1
cnndm6774,747,Governing Body made request to Bangladeshi president.,Y,,cnndm6774,1
cnndm6774,748,BLANK,N,,cnndm6774,1
cnndm6774,749,BLANK,N,,cnndm6774,1
cnndm6774,750,BLANK,N,,cnndm6774,1
cnndm6774,751,BLANK,N,,cnndm6774,1
cnndm5099,752,There is a series of photos,Y,,cnndm5099,1
cnndm5099,753,The photos appear to show a beheading.,Y,,cnndm5099,1
cnndm5099,754,The beheading is of a man.,Y,,cnndm5099,1
cnndm5099,755,The beheading is in Hama in Syria.,Y,,cnndm5099,1
cnndm5099,756,Man is handcuffed.,Y,,cnndm5099,1
cnndm5099,757,Man is blindfolded.,Y,,cnndm5099,1
cnndm5099,758,Man is led from a van.,Y,,cnndm5099,1
cnndm5099,759,Man led to area of land .,Y,,cnndm5099,1
cnndm5099,760,Man is surrounded by men with guns.,Y,,cnndm5099,1
cnndm5099,761,There is an executioner.,Y,,cnndm5099,1
cnndm5099,762,Executioner has a meat cleaver,Y,,cnndm5099,1
cnndm5099,763,It is claimed that beheading ocurred because man is an alleged ' blasphemer ' .,Y,,cnndm5099,1
cnndm5099,764,It is alleged that man is ' blasphemer ' .,Y,,cnndm5099,1
cnndm5099,765,The photos have Graphic Content.,Y,,cnndm5099,1
cnndm5099,766,BLANK,N,,cnndm5099,1
cnndm5099,767,BLANK,N,,cnndm5099,1
cnndm1153,768,A bed was dumped.,Y,,cnndm1153,1
cnndm1153,769,A bed was left in a hotel car park.,Y,,cnndm1153,1
cnndm1153,770,The bed was a four - poster bed.,Y,,cnndm1153,1
cnndm1153,771,"The bed sold at auction for 2,200.",Y,,cnndm1153,1
cnndm1153,772,Owner suspected it had historic value.,Y,,cnndm1153,1
cnndm1153,773,Experts have been investigating.,Y,,cnndm1153,1
cnndm1153,774,Historian now claims the bed belonged to Henry VII .,Y,,cnndm1153,1
cnndm1153,775,"DNA from the timber proves who the bed belonged to, it is claimed.",Y,,cnndm1153,1
cnndm1153,776,The bed is ornate.,Y,,cnndm1153,1
cnndm1153,777,The bed is now on display.,Y,,cnndm1153,1
cnndm1153,778,The bed was made for Henry VII / King.,Y,,cnndm1153,1
cnndm1153,779,The bed was also made for Henry VII's wife / King's wife / Elizabeth of York .,Y,,cnndm1153,1
cnndm1153,780,Elizabeth of York was wife of Henry VII / King.,Y,,cnndm1153,1
cnndm1153,781,The bed sold at an auction.,Y,,cnndm1153,1
cnndm1153,782,BLANK,N,,cnndm1153,1
cnndm1153,783,BLANK,N,,cnndm1153,1
cnndm7626,784,Alex Perry is an Australian.,Y,,cnndm7626,1
cnndm7626,785,Alex Perry is a fashion designer.,Y,,cnndm7626,1
cnndm7626,786,The designer/Alex Perry won't show at this year's MBFWA.,Y,,cnndm7626,1
cnndm7626,787,BLANK,N,,cnndm7626,1
cnndm7626,788,The designer/Alex Perry is excited to enjoy the shows from front row.,Y,,cnndm7626,1
cnndm7626,789,The designer/Alex Perry is going to watch the shows from front row.,Y,,cnndm7626,1
cnndm7626,790,This year's MBFWA will be the designer's / Alex Perry's second MBFWA he has missed in two decades.,Y,,cnndm7626,1
cnndm7626,791,The designer/Alex Perry is focusing on global expansion.,Y,,cnndm7626,1
cnndm7626,792,The designer/Alex Perry is focusing on global expansion in Asia and Middle East .,Y,,cnndm7626,1
cnndm7626,793,This year's MBFWA will be the designer's / Alex Perry's second MBFWA he has missed.,Y,,cnndm7626,1
cnndm7626,794,BLANK,N,,cnndm7626,1
cnndm7626,795,BLANK,N,,cnndm7626,1
cnndm7626,796,BLANK,N,,cnndm7626,1
cnndm7626,797,BLANK,N,,cnndm7626,1
cnndm7626,798,BLANK,N,,cnndm7626,1
cnndm7626,799,BLANK,N,,cnndm7626,1
cnndm10721,800,Danny Higginbotham has a new book .,Y,,cnndm10721,1
cnndm10721,801,Danny Higginbotham spent time under Roy Keane.,Y,,cnndm10721,1
cnndm10721,802,The book covers Danny Higginbotham's time under Roy Keane .,Y,,cnndm10721,1
cnndm10721,803,Danny Higginbotham played for Sunderland.,Y,,cnndm10721,1
cnndm10721,804,Sunderland was Roy Keane's team.,Y,,cnndm10721,1
cnndm10721,805,Danny Higginbotham played for Sunderland during the 2007 - 08 season,Y,,cnndm10721,1
cnndm10721,806,Roy Keane told his players ` basically you 're s *** '.,Y,,cnndm10721,1
cnndm10721,807,Roy Keane told his players ` basically you 're s *** ' before a game with Aston Villa.,Y,,cnndm10721,1
cnndm10721,808,Roy Keane told one player he was ` not f ****** Good Enough ' to play for the club .,Y,,cnndm10721,1
cnndm10721,809,BLANK,N,,cnndm10721,1
cnndm10721,810,BLANK,N,,cnndm10721,1
cnndm10721,811,BLANK,N,,cnndm10721,1
cnndm10721,812,BLANK,N,,cnndm10721,1
cnndm10721,813,BLANK,N,,cnndm10721,1
cnndm10721,814,BLANK,N,,cnndm10721,1
cnndm10721,815,BLANK,N,,cnndm10721,1
cnndm5357,816,Denise and Glen Higgs are a couple.,Y,,cnndm5357,1
cnndm5357,817,The couple thought they 'd never have children.,Y,,cnndm5357,1
cnndm5357,818,Glen Higgs was infertile.,Y,,cnndm5357,1
cnndm5357,819,Cancer treatment caused the infertility.,Y,,cnndm5357,1
cnndm5357,820,The couple tried IVF.,Y,,cnndm5357,1
cnndm5357,821,"The couple are from Braunton , Devon.",Y,,cnndm5357,1
cnndm5357,822,The couple had Mazy.,Y,,cnndm5357,1
cnndm5357,823,The couple tried again using the same batch.,Y,,cnndm5357,1
cnndm5357,824,The couple had twins last week.,Y,,cnndm5357,1
cnndm5357,825,Mazy was born three years ago.,Y,,cnndm5357,1
cnndm5357,826,The twins are Carter & Carson.,Y,,cnndm5357,1
cnndm5357,827,BLANK,N,,cnndm5357,1
cnndm5357,828,BLANK,N,,cnndm5357,1
cnndm5357,829,BLANK,N,,cnndm5357,1
cnndm5357,830,BLANK,N,,cnndm5357,1
cnndm5357,831,BLANK,N,,cnndm5357,1
cnndm10680,832,Flames shot out the manhole .,Y,,cnndm10680,1
cnndm10680,833,Shiraz Nawaz felt lucky to be alive.,Y,,cnndm10680,1
cnndm10680,834,Fire erupted moments after Shiraz Nawaz walked over the manhole.,Y,,cnndm10680,1
cnndm10680,835,The manhole was in a busy street .,Y,,cnndm10680,1
cnndm10680,836,No - one was hurt in the incident.,Y,,cnndm10680,1
cnndm10680,837,Nawaz evacuated the area.,Y,,cnndm10680,1
cnndm10680,838,No-one was hurt after Nawaz evacuated the area .,Y,,cnndm10680,1
cnndm10680,839,Shiraz Nawaz walked over the manhole.,Y,,cnndm10680,1
cnndm10680,840,It is incredible that no - one was hurt.,Y,,cnndm10680,1
cnndm10680,841,BLANK,N,,cnndm10680,1
cnndm10680,842,BLANK,N,,cnndm10680,1
cnndm10680,843,BLANK,N,,cnndm10680,1
cnndm10680,844,BLANK,N,,cnndm10680,1
cnndm10680,845,BLANK,N,,cnndm10680,1
cnndm10680,846,BLANK,N,,cnndm10680,1
cnndm10680,847,BLANK,N,,cnndm10680,1
cnndm3789,848,Justin Rose played at the Masters 2015.,Y,,cnndm3789,1
cnndm3789,849,Justin Rose's total has only been bettered six times at the The Masters.,Y,,cnndm3789,1
cnndm3789,850,Justin Rose hopes to take some titles across the year.,Y,,cnndm3789,1
cnndm3789,851,Justin Rose played at the Masters 2015 on 14-under-par.,Y,,cnndm3789,1
cnndm3789,852,Justin Rose finished as joint runner-up.,Y,,cnndm3789,1
cnndm3789,853,BLANK,N,,cnndm3789,1
cnndm3789,854,BLANK,N,,cnndm3789,1
cnndm3789,855,BLANK,N,,cnndm3789,1
cnndm3789,856,BLANK,N,,cnndm3789,1
cnndm3789,857,BLANK,N,,cnndm3789,1
cnndm3789,858,BLANK,N,,cnndm3789,1
cnndm3789,859,BLANK,N,,cnndm3789,1
cnndm3789,860,BLANK,N,,cnndm3789,1
cnndm3789,861,BLANK,N,,cnndm3789,1
cnndm3789,862,BLANK,N,,cnndm3789,1
cnndm3789,863,BLANK,N,,cnndm3789,1
cnndm5257,864,Chris Christie appeared on The Tonight Show.,Y,,cnndm5257,1
cnndm5257,865,Chris Christie called out Jimmy Fallon for his weight jokes about the governor.,Y,,cnndm5257,1
cnndm5257,866,Chris Christie called out Jimmy Fallon.,Y,,cnndm5257,1
cnndm5257,867,Jimmy Fallon brought out ice cream.,Y,,cnndm5257,1
cnndm5257,868,The ice cream was for the two to share.,Y,,cnndm5257,1
cnndm5257,869,Chris Christie hoarded the ice cream.,Y,,cnndm5257,1
cnndm5257,870,The ice cream was a pint of ice cream.,Y,,cnndm5257,1
cnndm5257,871,The ice cream was brought out later in the program.,Y,,cnndm5257,1
cnndm5257,872,Chris Christie was asked if he would run for president.,Y,,cnndm5257,1
cnndm5257,873,Chris Christie said ; ' I ‚Äôve got a day job which keeps me busy ' .,Y,,cnndm5257,1
cnndm5257,874,Chris Christie said ; ' I ‚Äôve got a day job which keeps me busy '  when asked if he would run for president.,Y,,cnndm5257,1
cnndm5257,875,BLANK,N,,cnndm5257,1
cnndm5257,876,BLANK,N,,cnndm5257,1
cnndm5257,877,BLANK,N,,cnndm5257,1
cnndm5257,878,BLANK,N,,cnndm5257,1
cnndm5257,879,BLANK,N,,cnndm5257,1
cnndm7910,880,A fight (could also be called brawl or confrontation) occurred.,Y,,cnndm7910,1
cnndm7910,881,The fight happened at Spring Gardens Station.,Y,,cnndm7910,1
cnndm7910,882,The fight was captured on CCTV.,Y,,cnndm7910,1
cnndm7910,883,Fight involved students.,Y,,cnndm7910,1
cnndm7910,884,Students involved were from Benjamin Franklin High School.,Y,,cnndm7910,1
cnndm7910,885,Benjamin Franklin High School is nearby.,Y,,cnndm7910,1
cnndm7910,886,At one point an attacker fell.,Y,,cnndm7910,1
cnndm7910,887,An attacker fell onto the tracks.,Y,,cnndm7910,1
cnndm7910,888,The fallen attacker managed to get back up.,Y,,cnndm7910,1
cnndm7910,889,"After the confrontation, the victims and attackers walked onto the same train .",Y,,cnndm7910,1
cnndm7910,890,Victims walked onto a train after confrontation.,Y,,cnndm7910,1
cnndm7910,891,Attackers walked onto a train after confrontation.,Y,,cnndm7910,1
cnndm7910,892,The fight happened in Philadelphia.,Y,,cnndm7910,1
cnndm7910,893,BLANK,N,,cnndm7910,1
cnndm7910,894,BLANK,N,,cnndm7910,1
cnndm7910,895,BLANK,N,,cnndm7910,1
cnndm8306,896,There was a performance at an Indiana public school.,Y,,cnndm8306,1
cnndm8306,897,The performance was of American Pie.,Y,,cnndm8306,1
cnndm8306,898,The performance ended in tragedy.,Y,,cnndm8306,1
cnndm8306,899,The performance was on Wednesday.,Y,,cnndm8306,1
cnndm8306,900,A riser buckled at the performance.,Y,,cnndm8306,1
cnndm8306,901,The riser buckled as many danced on-stage.,Y,,cnndm8306,1
cnndm8306,902,More than a dozen people were injured.,Y,,cnndm8306,1
cnndm8306,903,The school is Westfield High.,Y,,cnndm8306,1
cnndm8306,904,One student was taken to a hospital in critical condition.,Y,,cnndm8306,1
cnndm8306,905,Students said there had been no issues previously.,Y,,cnndm8306,1
cnndm8306,906,Students said they previously practiced the song on the stage with the same number of people .,Y,,cnndm8306,1
cnndm8306,907,BLANK,N,,cnndm8306,1
cnndm8306,908,BLANK,N,,cnndm8306,1
cnndm8306,909,BLANK,N,,cnndm8306,1
cnndm8306,910,BLANK,N,,cnndm8306,1
cnndm8306,911,BLANK,N,,cnndm8306,1
cnndm7584,912,Huma Abedin came under fire.,Y,,cnndm7584,1
cnndm7584,913,Huma Abedin did not tip.,Y,,cnndm7584,1
cnndm7584,914,The lunch was at Chipotle was in Iowa.,Y,,cnndm7584,1
cnndm7584,915,Not tipping was the reason for the criticism.,Y,,cnndm7584,1
cnndm7584,916,Huma Abedin is Hillary Clinton's most trusted aide.,Y,,cnndm7584,1
cnndm7584,917,Huma Abedin is Hillary Clinton's aide for the 2016 campaign.,Y,,cnndm7584,1
cnndm7584,918,Huma Abedin's husband is Anthony Weiner.,Y,,cnndm7584,1
cnndm7584,919,The lunch was Mexican.,Y,,cnndm7584,1
cnndm7584,920,The lunch was on Saturday.,Y,,cnndm7584,1
cnndm7584,921,Huma Abedin went for lunch.,Y,,cnndm7584,1
cnndm7584,922,Husband / Anthony Weiner went for lunch.,Y,,cnndm7584,1
cnndm7584,923,The weekend was one of their final weekends before the campaign gets into swing.,Y,,cnndm7584,1
cnndm7584,924,The not tipping occurred at Chipotle.,Y,,cnndm7584,1
cnndm7584,925,BLANK,N,,cnndm7584,1
cnndm7584,926,BLANK,N,,cnndm7584,1
cnndm7584,927,BLANK,N,,cnndm7584,1
cnndm10542,928,Nadir Ciftci celebrated.,Y,,cnndm10542,1
cnndm10542,929,Nadir Ciftci blew a kiss.,Y,,cnndm10542,1
cnndm10542,930,The kiss was directed to rival goalkeeper.,Y,,cnndm10542,1
cnndm10542,931,The rival goalkeeper was Scott Bain.,Y,,cnndm10542,1
cnndm10542,932,Ciftci was left blushing.,Y,,cnndm10542,1
cnndm10542,933,Rivals earned an impressive victory .,Y,,cnndm10542,1
cnndm10542,934,The win gave hosts / Dundee their first Derby win in more than a decade .,Y,,cnndm10542,1
cnndm10542,935,The win was a Dundee win.,Y,,cnndm10542,1
cnndm10542,936,Hosts were Dundee.,Y,,cnndm10542,1
cnndm10542,937,Greg Stewart scored goal/goals.,Y,,cnndm10542,1
cnndm10542,938,Jake mcpake scored goal/goals.,Y,,cnndm10542,1
cnndm10542,939,Paul Heffernen scored goal/goals.,Y,,cnndm10542,1
cnndm10542,940,The goals secured a win.,Y,,cnndm10542,1
cnndm10542,941,BLANK,N,,cnndm10542,1
cnndm10542,942,BLANK,N,,cnndm10542,1
cnndm10542,943,BLANK,N,,cnndm10542,1
cnndm11355,944,The ferry is Ao Nang Princess 5 Ferry.,Y,,cnndm11355,1
cnndm11355,945,Ferry was in Andaman Sea.,Y,,cnndm11355,1
cnndm11355,946,Ferry was on its way from resort of Krabi.,Y,,cnndm11355,1
cnndm11355,947,Ferry was travelling to Phuket.,Y,,cnndm11355,1
cnndm11355,948,Ferry was five miles from the coast.,Y,,cnndm11355,1
cnndm11355,949,Ferry's engine exploded.,Y,,cnndm11355,1
cnndm11355,950,Ferry is a 35-metre-long boat.,Y,,cnndm11355,1
cnndm11355,951,Ferry caught fire around 3.30 pm.,Y,,cnndm11355,1
cnndm11355,952,Ferry sank around 6 pm.,Y,,cnndm11355,1
cnndm11355,953,Passengers were seen throwing themselves overboard.,Y,,cnndm11355,1
cnndm11355,954,Passengers were rescued.,Y,,cnndm11355,1
cnndm11355,955,"No injuries reported, but a girl is missing.",Y,,cnndm11355,1
cnndm11355,956,Search will continue into tomorrow for missing girl.,Y,,cnndm11355,1
cnndm11355,957,BLANK,N,,cnndm11355,1
cnndm11355,958,BLANK,N,,cnndm11355,1
cnndm11355,959,BLANK,N,,cnndm11355,1
cnndm9590,960,Alexandra Harra is Romanian born,Y,,cnndm9590,1
cnndm9590,961,Alexandra Harra is 28,Y,,cnndm9590,1
cnndm9590,962,Alexandra Harra has become an Instagram star.,Y,,cnndm9590,1
cnndm9590,963,Alexandra Harra posed for playboy.,Y,,cnndm9590,1
cnndm9590,964,Alexandra Harra is a model.,Y,,cnndm9590,1
cnndm9590,965,Alexandra Harra posts selfies on Instagram.,Y,,cnndm9590,1
cnndm9590,966,Alexandra Harra selfie's have inspirational messages.,Y,,cnndm9590,1
cnndm9590,967,Alexandra Harra dyed his locks black.,Y,,cnndm9590,1
cnndm9590,968,Alexandra Harra is being hailed as a rival to Kim Kardashian.,Y,,cnndm9590,1
cnndm9590,969,BLANK,N,,cnndm9590,1
cnndm9590,970,BLANK,N,,cnndm9590,1
cnndm9590,971,BLANK,N,,cnndm9590,1
cnndm9590,972,BLANK,N,,cnndm9590,1
cnndm9590,973,BLANK,N,,cnndm9590,1
cnndm9590,974,BLANK,N,,cnndm9590,1
cnndm9590,975,BLANK,N,,cnndm9590,1
cnndm10595,976,Jurgen Klopp will leave Borussia Dortmund.,Y,,cnndm10595,1
cnndm10595,977,Jurgen Klopp will leave at the end of the season.,Y,,cnndm10595,1
cnndm10595,978,Borussia Dortmund is a German team.,Y,,cnndm10595,1
cnndm10595,979,Jurgen Klopp enjoyed success with the club.,Y,,cnndm10595,1
cnndm10595,980,Jurgen Klopp had seven - year stint at the club.,Y,,cnndm10595,1
cnndm10595,981,Jurgen Klopp is linked with Manchester City.,Y,,cnndm10595,1
cnndm10595,982,Jurgen Klopp is linked with Manchester United.,Y,,cnndm10595,1
cnndm10595,983,Jurgen Klopp is linked with Arsenal.,Y,,cnndm10595,1
cnndm10595,984,Per Mertesacker made a statement about Jurgen Klopp.,Y,,cnndm10595,1
cnndm10595,985,Per Mertesacker would like to see Klopp in the Premier League.,Y,,cnndm10595,1
cnndm10595,986,Jurgen Klopp is the boss of a German club.,Y,,cnndm10595,1
cnndm10595,987,BLANK,N,,cnndm10595,1
cnndm10595,988,BLANK,N,,cnndm10595,1
cnndm10595,989,BLANK,N,,cnndm10595,1
cnndm10595,990,BLANK,N,,cnndm10595,1
cnndm10595,991,BLANK,N,,cnndm10595,1
cnndm9325,992,There are figures/numbers from the Catholic Church.,Y,,cnndm9325,1
cnndm9325,993,Figures/Numbers show more and more becoming nuns.,Y,,cnndm9325,1
cnndm9325,994,A number of women are taking holy vows.,Y,,cnndm9325,1
cnndm9325,995,The number of women taking holy vows stood at just seven sometime in the past.,Y,,cnndm9325,1
cnndm9325,996,The number of women taking holy vows was seven in 2004.,Y,,cnndm9325,1
cnndm9325,997,The number of women taking holy vows had risen to 15.,Y,,cnndm9325,1
cnndm9325,998,The number of women taking holy vows had had risen to 15 in 2009.,Y,,cnndm9325,1
cnndm9325,999,The number of women taking holy vows had risen to 45.,Y,,cnndm9325,1
cnndm9325,1000,The number of women taking holy vows had had risen to 45 in the last year.,Y,,cnndm9325,1
cnndm9325,1001,One father made a statement.,Y,,cnndm9325,1
cnndm9325,1002,The statement was about the reason people are being led towards religion.,Y,,cnndm9325,1
cnndm9325,1003,The statement cites ' gap in the market for meaning ' as reason for people being led towards religion,Y,,cnndm9325,1
cnndm9325,1004,BLANK,N,,cnndm9325,1
cnndm9325,1005,BLANK,N,,cnndm9325,1
cnndm9325,1006,BLANK,N,,cnndm9325,1
cnndm9325,1007,BLANK,N,,cnndm9325,1
cnndm9502,1008,Nasr Bitar spotted Google Street View car.,Y,,cnndm9502,1
cnndm9502,1009,Nasr Bitar spotted Google Street View car driving around.,Y,,cnndm9502,1
cnndm9502,1010,Nasr Bitar spotted Google Street View car last autumn.,Y,,cnndm9502,1
cnndm9502,1011,Nasr Bitar decided it was ' his time to shine '.,Y,,cnndm9502,1
cnndm9502,1012,Nasr Bitar followed in his car to get a selfie.,Y,,cnndm9502,1
cnndm9502,1013,Nasr Bitar followed Google Street View car.,Y,,cnndm9502,1
cnndm9502,1014,Nasr Bitar sensing the perfect moment in Mississauga.,Y,,cnndm9502,1
cnndm9502,1015,Nasr Bitar got out and took the snap.,Y,,cnndm9502,1
cnndm9502,1016,Picture of Nasr's selfie and the Street View Image was shared.,Y,,cnndm9502,1
cnndm9502,1017,The image was shared 2.9 million times.,Y,,cnndm9502,1
cnndm9502,1018,BLANK,N,,cnndm9502,1
cnndm9502,1019,BLANK,N,,cnndm9502,1
cnndm9502,1020,BLANK,N,,cnndm9502,1
cnndm9502,1021,BLANK,N,,cnndm9502,1
cnndm9502,1022,BLANK,N,,cnndm9502,1
cnndm9502,1023,BLANK,N,,cnndm9502,1
cnndm5272,1024,Pair were left homeless.,Y,,cnndm5272,1
cnndm5272,1025,Pair were left homeless after storms,Y,,cnndm5272,1
cnndm5272,1026,Pair met in Connecticut Trailer Park.,Y,,cnndm5272,1
cnndm5272,1027,Pair Won Lottery last year.,Y,,cnndm5272,1
cnndm5272,1028,Pair cashed prize in after Easter to Mark New Start.,Y,,cnndm5272,1
cnndm5272,1029,The lottery winner was thrilled.,Y,,cnndm5272,1
cnndm5272,1030,The lottery winner said they met love of their life because of Sandy.,Y,,cnndm5272,1
cnndm5272,1031,BLANK,N,,cnndm5272,1
cnndm5272,1032,BLANK,N,,cnndm5272,1
cnndm5272,1033,BLANK,N,,cnndm5272,1
cnndm5272,1034,BLANK,N,,cnndm5272,1
cnndm5272,1035,BLANK,N,,cnndm5272,1
cnndm5272,1036,BLANK,N,,cnndm5272,1
cnndm5272,1037,BLANK,N,,cnndm5272,1
cnndm5272,1038,BLANK,N,,cnndm5272,1
cnndm5272,1039,BLANK,N,,cnndm5272,1
cnndm2748,1040,Paula Dunican paid 25.,Y,,cnndm2748,1
cnndm2748,1041,Paula Dunican paid for the Baby Blue Coat,Y,,cnndm2748,1
cnndm2748,1042,Paula Dunican paid at her local branch of Asda.,Y,,cnndm2748,1
cnndm2748,1043,Paula Dunican noticed a ' seeping ' stain.,Y,,cnndm2748,1
cnndm2748,1044,Paula Dunican noticed stain on the back of coat.,Y,,cnndm2748,1
cnndm2748,1045,Paula Dunican noticed stain when she took the coat home.,Y,,cnndm2748,1
cnndm2748,1046,Paula Dunican discovered the reptile ' s crushed body.,Y,,cnndm2748,1
cnndm2748,1047,Paula Dunican discovered the reptile body on the garment 's lining.,Y,,cnndm2748,1
cnndm2748,1048,Paula Dunican discovered the body after noticing the stain.,Y,,cnndm2748,1
cnndm2748,1049,The supermarket apologised.,Y,,cnndm2748,1
cnndm2748,1050,The supermarket offered Paula Dunican a 40 voucher.,Y,,cnndm2748,1
cnndm2748,1051,The supermarket offered Paula Dunican a refund.,Y,,cnndm2748,1
cnndm2748,1052,BLANK,N,,cnndm2748,1
cnndm2748,1053,BLANK,N,,cnndm2748,1
cnndm2748,1054,BLANK,N,,cnndm2748,1
cnndm2748,1055,BLANK,N,,cnndm2748,1
cnndm8613,1056,Paul and Laura Elliott met half way round.,Y,,cnndm8613,1
cnndm8613,1057,Paul and Laura Elliott met at St Katharine Docks.,Y,,cnndm8613,1
cnndm8613,1058,Ceremony was witnessed by guests.,Y,,cnndm8613,1
cnndm8613,1059,The ceremony was witnessed by 80 guests.,Y,,cnndm8613,1
cnndm8613,1060,Paul and Laura Elliott ran across finish line.,Y,,cnndm8613,1
cnndm8613,1061,Paul and Laura Elliott ran under a shower of confetti.,Y,,cnndm8613,1
cnndm8613,1062,Paul and Laura Elliott returned to scene of ceremony.,Y,,cnndm8613,1
cnndm8613,1063,Paul and Laura Elliott returned for a party later on.,Y,,cnndm8613,1
cnndm8613,1064,7000 was raised for Cancer Research.,Y,,cnndm8613,1
cnndm8613,1065,THe money was raise in honour of Paul's father.,Y,,cnndm8613,1
cnndm8613,1066,BLANK,N,,cnndm8613,1
cnndm8613,1067,BLANK,N,,cnndm8613,1
cnndm8613,1068,BLANK,N,,cnndm8613,1
cnndm8613,1069,BLANK,N,,cnndm8613,1
cnndm8613,1070,BLANK,N,,cnndm8613,1
cnndm8613,1071,BLANK,N,,cnndm8613,1
cnndm6564,1072,Maren Sanchez was 16 year old.,Y,,cnndm6564,1
cnndm6564,1073,Maren Sanchez stabbed to death.,Y,,cnndm6564,1
cnndm6564,1074,Maren Sanchez was stabbed a year ago.,Y,,cnndm6564,1
cnndm6564,1075,Maren Sanchez was stabbed on the day of Prom.,Y,,cnndm6564,1
cnndm6564,1076,The life of Maren Sanchez was celebrated on Saturday.,Y,,cnndm6564,1
cnndm6564,1077,The life of Maren Sanchez was celebrated by hundreds of people.,Y,,cnndm6564,1
cnndm6564,1078,Someone doesn't thinks there's anything sad about the celebration.,Y,,cnndm6564,1
cnndm6564,1079,Christopher Plaskon was a classmate of Maren Sanchez.,Y,,cnndm6564,1
cnndm6564,1080,Christopher Plaskon has been charged with Sanchez's murder.,Y,,cnndm6564,1
cnndm6564,1081,BLANK,N,,cnndm6564,1
cnndm6564,1082,BLANK,N,,cnndm6564,1
cnndm6564,1083,BLANK,N,,cnndm6564,1
cnndm6564,1084,BLANK,N,,cnndm6564,1
cnndm6564,1085,BLANK,N,,cnndm6564,1
cnndm6564,1086,BLANK,N,,cnndm6564,1
cnndm6564,1087,BLANK,N,,cnndm6564,1
cnndm5025,1088,Chloe's was playing with friend.,Y,,cnndm5025,1
cnndm5025,1089,Zbigniew Huminski forced Chloe into the car.,Y,,cnndm5025,1
cnndm5025,1090,Chloe's naked body was found.,Y,,cnndm5025,1
cnndm5025,1091,Chloe's body was found in nearby woods.,Y,,cnndm5025,1
cnndm5025,1092,Chloe's body was found an hour - and - A - half later.,Y,,cnndm5025,1
cnndm5025,1093,Prosecutors say there is evidence.,Y,,cnndm5025,1
cnndm5025,1094,The evidence was of ' strangulation and sexual violence '.,Y,,cnndm5025,1
cnndm5025,1095,Zbigniew Huminski is a Polish immigrant.,Y,,cnndm5025,1
cnndm5025,1096,Zbigniew Huminski was heading to England.,Y,,cnndm5025,1
cnndm5025,1097,Zbigniew Huminski has admitted to killing.,Y,,cnndm5025,1
cnndm5025,1098,BLANK,N,,cnndm5025,1
cnndm5025,1099,BLANK,N,,cnndm5025,1
cnndm5025,1100,BLANK,N,,cnndm5025,1
cnndm5025,1101,BLANK,N,,cnndm5025,1
cnndm5025,1102,BLANK,N,,cnndm5025,1
cnndm5025,1103,BLANK,N,,cnndm5025,1
cnndm3906,1104,Ronnie Carroll placed fourth in the Eurovision contest.,Y,,cnndm3906,1
cnndm3906,1105,Ronnie Carroll placed fourth in 1962.,Y,,cnndm3906,1
cnndm3906,1106,Ronnie Carroll placed fourth in 1963.,Y,,cnndm3906,1
cnndm3906,1107,Ronnie Carroll died in London.,Y,,cnndm3906,1
cnndm3906,1108,Ronnie Carroll died two days ago.,Y,,cnndm3906,1
cnndm3906,1109,Ronnie Carroll died at the age of 80.,Y,,cnndm3906,1
cnndm3906,1110,Ronnie Carroll died following a battle with cancer,Y,,cnndm3906,1
cnndm3906,1111,Ronnie Carroll was running in the general election.,Y,,cnndm3906,1
cnndm3906,1112,The general election was for Hampstead and Kilburn.,Y,,cnndm3906,1
cnndm3906,1113,Ronnie Carroll remains on the paper.,Y,,cnndm3906,1
cnndm3906,1114,Ronnie Carroll will be elected if he gets enough votes.,Y,,cnndm3906,1
cnndm3906,1115,BLANK,N,,cnndm3906,1
cnndm3906,1116,BLANK,N,,cnndm3906,1
cnndm3906,1117,BLANK,N,,cnndm3906,1
cnndm3906,1118,BLANK,N,,cnndm3906,1
cnndm3906,1119,BLANK,N,,cnndm3906,1
cnndm3172,1120,Baron is a German Shepard.,Y,,cnndm3172,1
cnndm3172,1121,Baron/Pup was filmed.,Y,,cnndm3172,1
cnndm3172,1122,Baron/Pup helped get the dishes done at home,Y,,cnndm3172,1
cnndm3172,1123,Baron/Pup's home is in California.,Y,,cnndm3172,1
cnndm3172,1124,Baron/Pup was filmed when he helped get the dishes done at home.,Y,,cnndm3172,1
cnndm3172,1125,Baron/Pup was professionally trained.,Y,,cnndm3172,1
cnndm3172,1126,Baron/Pup was trained at the Hill Country K9 School.,Y,,cnndm3172,1
cnndm3172,1127,"Baron/Pup dishwashing clip has been watched over 27,000 times.",Y,,cnndm3172,1
cnndm3172,1128,Viewers have deemed the dog's cleaning antics ' cute '.,Y,,cnndm3172,1
cnndm3172,1129,Viewers have deemed the dog's cleaning antics ' adorable '.,Y,,cnndm3172,1
cnndm3172,1130,BLANK,N,,cnndm3172,1
cnndm3172,1131,BLANK,N,,cnndm3172,1
cnndm3172,1132,BLANK,N,,cnndm3172,1
cnndm3172,1133,BLANK,N,,cnndm3172,1
cnndm3172,1134,BLANK,N,,cnndm3172,1
cnndm3172,1135,BLANK,N,,cnndm3172,1
cnndm1173,1136,Bayern Munich beat Porto.,Y,,cnndm1173,1
cnndm1173,1137,Bayern Munich won  6 - 1.,Y,,cnndm1173,1
cnndm1173,1138,Bayern Munich won in Champions League.,Y,,cnndm1173,1
cnndm1173,1139,Bayern Munich won on Tuesday.,Y,,cnndm1173,1
cnndm1173,1140,Bayern Munich is managed by Pep Guardiola.,Y,,cnndm1173,1
cnndm1173,1141,Bayern Munich progressed in the competition.,Y,,cnndm1173,1
cnndm1173,1142,Bayern Munich reached semi-finals.,Y,,cnndm1173,1
cnndm1173,1143,Bayern Munich progressed 7 - 4 on aggregate.,Y,,cnndm1173,1
cnndm1173,1144,Thomas Muller scored 27th Champions League goal.,Y,,cnndm1173,1
cnndm1173,1145,Thomas Muller passed Mario Gomez in goals.,Y,,cnndm1173,1
cnndm1173,1146,Thomas Muller is now the leading German scorer in the competition.,Y,,cnndm1173,1
cnndm1173,1147,After the game Thomas Muller led the celebrations.,Y,,cnndm1173,1
cnndm1173,1148,Thomas Muller led the celebrations using a megaphone.,Y,,cnndm1173,1
cnndm1173,1149,BLANK,N,,cnndm1173,1
cnndm1173,1150,BLANK,N,,cnndm1173,1
cnndm1173,1151,BLANK,N,,cnndm1173,1
cnndm1492,1152,Phil Smith is 25.,Y,,cnndm1492,1
cnndm1492,1153,Phil Smith forgot his keys.,Y,,cnndm1492,1
cnndm1492,1154,Phil Smith scaled a fence.,Y,,cnndm1492,1
cnndm1492,1155,Phil Smith scaled the fence to try to get in his flat.,Y,,cnndm1492,1
cnndm1492,1156,Phil Smith is a teaching assistant.,Y,,cnndm1492,1
cnndm1492,1157,Phil Smith/teaching assistant was climbing through a window.,Y,,cnndm1492,1
cnndm1492,1158,Phil Smith/teaching assistant fell and hit his head.,Y,,cnndm1492,1
cnndm1492,1159,Phil Smith/teaching assistant fell while climbing through a window.,Y,,cnndm1492,1
cnndm1492,1160,Phil Smith/teaching assistant  fractured his skull.,Y,,cnndm1492,1
cnndm1492,1161,Phil Smith/teaching assistant suffered a bleed on the brain.,Y,,cnndm1492,1
cnndm1492,1162,Phil Smith/teaching assistant suffered a blood clot.,Y,,cnndm1492,1
cnndm1492,1163,Parents paid tribute to Phil Smith.,Y,,cnndm1492,1
cnndm1492,1164,Parents refer to Phil Smith as ' Lovely Son '.,Y,,cnndm1492,1
cnndm1492,1165,Phil Smith/teaching assistant worked at Special Needs School.,Y,,cnndm1492,1
cnndm1492,1166,BLANK,N,,cnndm1492,1
cnndm1492,1167,BLANK,N,,cnndm1492,1
cnndm9393,1168,Kathy Ferreiro is born in Cuba.,Y,,cnndm9393,1
cnndm9393,1169,Kathy Ferreiro's curves have attracted fans on social media.,Y,,cnndm9393,1
cnndm9393,1170,Kathy Ferreiro loves Bikini.,Y,,cnndm9393,1
cnndm9393,1171,Kathy Ferreiro says photos of her booty are all natural.,Y,,cnndm9393,1
cnndm9393,1172,Kathy Ferreiro is Miami based.,Y,,cnndm9393,1
cnndm9393,1173,Kathy Ferreiro is a party girl.,Y,,cnndm9393,1
cnndm9393,1174,Kathy Ferreiro hopes to become next Kim Kardashian.,Y,,cnndm9393,1
cnndm9393,1175,Kathy Ferreiro has a huge following in Colombia,Y,,cnndm9393,1
cnndm9393,1176,Kathy Ferreiro has a huge following in other Latin American countries.,Y,,cnndm9393,1
cnndm9393,1177,BLANK,N,,cnndm9393,1
cnndm9393,1178,BLANK,N,,cnndm9393,1
cnndm9393,1179,BLANK,N,,cnndm9393,1
cnndm9393,1180,BLANK,N,,cnndm9393,1
cnndm9393,1181,BLANK,N,,cnndm9393,1
cnndm9393,1182,BLANK,N,,cnndm9393,1
cnndm9393,1183,BLANK,N,,cnndm9393,1
cnndm4315,1184,Jihadis face fines fines for wearing Nike products.,Y,,cnndm4315,1
cnndm4315,1185,Jihadis face whipping for wearing Nike products.,Y,,cnndm4315,1
cnndm4315,1186,Jihadis face jail time for wearing Nike products.,Y,,cnndm4315,1
cnndm4315,1187,Jihadis have banned Nike products.,Y,,cnndm4315,1
cnndm4315,1188,Ban is due to the brand name.,Y,,cnndm4315,1
cnndm4315,1189,The Nike brand name is shared with a Greek goddess.,Y,,cnndm4315,1
cnndm4315,1190,Ban is also due to how the brand name sounds in Arabic.,Y,,cnndm4315,1
cnndm4315,1191,The brand name sounds like sexual slang words in Arabic.,Y,,cnndm4315,1
cnndm4315,1192,People under ISIS are already banned from wearing jeans.,Y,,cnndm4315,1
cnndm4315,1193,ISIS also banned items of clothing carrying provocative language or swear words.,Y,,cnndm4315,1
cnndm4315,1194,BLANK,N,,cnndm4315,1
cnndm4315,1195,BLANK,N,,cnndm4315,1
cnndm4315,1196,BLANK,N,,cnndm4315,1
cnndm4315,1197,BLANK,N,,cnndm4315,1
cnndm4315,1198,BLANK,N,,cnndm4315,1
cnndm4315,1199,BLANK,N,,cnndm4315,1
cnndm10325,1200,There were power cuts the weekend before the raid,Y,,cnndm10325,1
cnndm10325,1201,Locals say power cuts could be linked to heist.,Y,,cnndm10325,1
cnndm10325,1202,Locals tell of suspicious ` drilling ' noises.,Y,,cnndm10325,1
cnndm10325,1203,Locals tell of noises on evening of Good Friday.,Y,,cnndm10325,1
cnndm10325,1204,Group was seen returning to scene.,Y,,cnndm10325,1
cnndm10325,1205,Group was seen on Saturday.,Y,,cnndm10325,1
cnndm10325,1206,The day after initial break - in was Saturday.,Y,,cnndm10325,1
cnndm10325,1207,Police admit they didn't respond after alarm went off.,Y,,cnndm10325,1
cnndm10325,1208,The alarm went off early on Friday.,Y,,cnndm10325,1
cnndm10325,1209,BLANK,N,,cnndm10325,1
cnndm10325,1210,BLANK,N,,cnndm10325,1
cnndm10325,1211,BLANK,N,,cnndm10325,1
cnndm10325,1212,BLANK,N,,cnndm10325,1
cnndm10325,1213,BLANK,N,,cnndm10325,1
cnndm10325,1214,BLANK,N,,cnndm10325,1
cnndm10325,1215,BLANK,N,,cnndm10325,1
cnndm5626,1216,Harley Street is a top destination,Y,,cnndm5626,1
cnndm5626,1217,Harley Street is a top destination for private cosmetic surgery.,Y,,cnndm5626,1
cnndm5626,1218,Patients pay thousands for cosmetic treatments.,Y,,cnndm5626,1
cnndm5626,1219,Patients hope treatment will change their lives.,Y,,cnndm5626,1
cnndm5626,1220,Michael is 33.,Y,,cnndm5626,1
cnndm5626,1221,"Michael spent 7,500.",Y,,cnndm5626,1
cnndm5626,1222,"Michael spent 7,500 on a hair transplant.",Y,,cnndm5626,1
cnndm5626,1223,Michael got hair transplant to boost his self - esteem.,Y,,cnndm5626,1
cnndm5626,1224,Andrea is 72.,Y,,cnndm5626,1
cnndm5626,1225,Andrea pays for a facelift.,Y,,cnndm5626,1
cnndm5626,1226,Andrea husband can't tell the difference after her facelift.,Y,,cnndm5626,1
cnndm5626,1227,BLANK,N,,cnndm5626,1
cnndm5626,1228,BLANK,N,,cnndm5626,1
cnndm5626,1229,BLANK,N,,cnndm5626,1
cnndm5626,1230,BLANK,N,,cnndm5626,1
cnndm5626,1231,BLANK,N,,cnndm5626,1
cnndm6784,1232,HBO is a US based network.,Y,,cnndm6784,1
cnndm6784,1233,HBO is the network behind Game of Thrones,Y,,cnndm6784,1
cnndm6784,1234,HBO is the network behind the Sopranos.,Y,,cnndm6784,1
cnndm6784,1235,HBO service is available on Apple TV.,Y,,cnndm6784,1
cnndm6784,1236,HBO service is available on IOS,Y,,cnndm6784,1
cnndm6784,1237,HBO service is available exclusively for three months.,Y,,cnndm6784,1
cnndm6784,1238,Apple has also cut the price of Apple TV.,Y,,cnndm6784,1
cnndm6784,1239,The Apple TV price was 99.,Y,,cnndm6784,1
cnndm6784,1240,The Apple TV price now is 65 to 69.,Y,,cnndm6784,1
cnndm6784,1241,HBO service is available exclusively on Apple TV and IOS.,Y,,cnndm6784,1
cnndm6784,1242,BLANK,N,,cnndm6784,1
cnndm6784,1243,BLANK,N,,cnndm6784,1
cnndm6784,1244,BLANK,N,,cnndm6784,1
cnndm6784,1245,BLANK,N,,cnndm6784,1
cnndm6784,1246,BLANK,N,,cnndm6784,1
cnndm6784,1247,BLANK,N,,cnndm6784,1
cnndm4303,1248,Sir Philip Carter died at his home.,Y,,cnndm4303,1
cnndm4303,1249,Sir Philip Carter died on Thursday morning.,Y,,cnndm4303,1
cnndm4303,1250,Sir Philip Carter died after a short illness.,Y,,cnndm4303,1
cnndm4303,1251,Sir Philip Carter served Everton.,Y,,cnndm4303,1
cnndm4303,1252,Sir Philip Carter served during three spells.,Y,,cnndm4303,1
cnndm4303,1253,Sir Philip Carter joined the club in 1977.,Y,,cnndm4303,1
cnndm4303,1254,Toffees chairman is Bill Kenwright.,Y,,cnndm4303,1
cnndm4303,1255,Bill Kenwright pays tribute to Sir Philip Carter.,Y,,cnndm4303,1
cnndm4303,1256,Bill Kenwright calls Sir Philip Carter a ' great man and Leader '.,Y,,cnndm4303,1
cnndm4303,1257,BLANK,N,,cnndm4303,1
cnndm4303,1258,BLANK,N,,cnndm4303,1
cnndm4303,1259,BLANK,N,,cnndm4303,1
cnndm4303,1260,BLANK,N,,cnndm4303,1
cnndm4303,1261,BLANK,N,,cnndm4303,1
cnndm4303,1262,BLANK,N,,cnndm4303,1
cnndm4303,1263,BLANK,N,,cnndm4303,1
cnndm3583,1264,One Pro Cycling preparing to take on Team Sky,Y,,cnndm3583,1
cnndm3583,1265,One Pro Cycling preparing to take on Sir Bradley Wiggins.,Y,,cnndm3583,1
cnndm3583,1266,Tour de Yorkshire runs over three stages.,Y,,cnndm3583,1
cnndm3583,1267,Tour de Yorkshire starts in Bridlington.,Y,,cnndm3583,1
cnndm3583,1268,Tour de Yorkshire starts on May 1.,Y,,cnndm3583,1
cnndm3583,1269,Tour de Yorkshire is inspired by Tour de France Grand.,Y,,cnndm3583,1
cnndm3583,1270,Prior's team departs for Tour de Yorkshire.,Y,,cnndm3583,1
cnndm3583,1271,BLANK,N,,cnndm3583,1
cnndm3583,1272,BLANK,N,,cnndm3583,1
cnndm3583,1273,BLANK,N,,cnndm3583,1
cnndm3583,1274,BLANK,N,,cnndm3583,1
cnndm3583,1275,BLANK,N,,cnndm3583,1
cnndm3583,1276,BLANK,N,,cnndm3583,1
cnndm3583,1277,BLANK,N,,cnndm3583,1
cnndm3583,1278,BLANK,N,,cnndm3583,1
cnndm3583,1279,BLANK,N,,cnndm3583,1
cnndm9555,1280,Gerhard Tremmel plays for Swansea,Y,,cnndm9555,1
cnndm9555,1281,Gerhard Tremmel was in goal,Y,,cnndm9555,1
cnndm9555,1282,Gerhard Tremmel played for free agents' 4 -4-2,Y,,cnndm9555,1
cnndm9555,1283,Glen Johnson was at the back,Y,,cnndm9555,1
cnndm9555,1284,Kolo Toure was at the back,Y,,cnndm9555,1
cnndm9555,1285,Ron Vlaar was at the back,Y,,cnndm9555,1
cnndm9555,1286,Luke Garbutt was at the back,Y,,cnndm9555,1
cnndm9555,1287,James Milner was in midfield,Y,,cnndm9555,1
cnndm9555,1288,Mikel Arteta was in the midfield,Y,,cnndm9555,1
cnndm9555,1289,Tom Cleverly was in the midfield,Y,,cnndm9555,1
cnndm9555,1290,Jonas Gutierrez was in the midfield,Y,,cnndm9555,1
cnndm9555,1291,Danny Ings plays for Burnley,Y,,cnndm9555,1
cnndm9555,1292,Danny Ings was up front,Y,,cnndm9555,1
cnndm9555,1293,James Wilson plays for Manchester United,Y,,cnndm9555,1
cnndm9555,1294,James Wilson was up front,Y,,cnndm9555,1
cnndm9555,1295,BLANK,N,,cnndm9555,1
cnndm9709,1296,Members of Barrio 18 gang were handcuffed,Y,,cnndm9709,1
cnndm9709,1297,Members of Barrio 18 gang were marched onto buses,Y,,cnndm9709,1
cnndm9709,1298,Images show the members,Y,,cnndm9709,1
cnndm9709,1299,Members of Barrio 18 gang were transferred to a different jail,Y,,cnndm9709,1
cnndm9709,1300,Total 1177 members were transferred,Y,,cnndm9709,1
cnndm9709,1301,"In the different jail, the members will mix with Mara Salvatrucha/their arch rival",Y,,cnndm9709,1
cnndm9709,1302,The arch rival of the members of Barrio 18 gang is Mara Salvatrucha,Y,,cnndm9709,1
cnndm9709,1303,The gang members will not be classified by gang affiliation,Y,,cnndm9709,1
cnndm9709,1304,The gang members will now be classified by how dangerous they are,Y,,cnndm9709,1
cnndm9709,1305,BLANK,N,,cnndm9709,1
cnndm9709,1306,BLANK,N,,cnndm9709,1
cnndm9709,1307,BLANK,N,,cnndm9709,1
cnndm9709,1308,BLANK,N,,cnndm9709,1
cnndm9709,1309,BLANK,N,,cnndm9709,1
cnndm9709,1310,BLANK,N,,cnndm9709,1
cnndm9709,1311,BLANK,N,,cnndm9709,1
cnndm10368,1312,Rory Mcilroy is bidding to win a Masters title,Y,,cnndm10368,1
cnndm10368,1313,This will be the first Masters title in Rory Mcilroy's career,Y,,cnndm10368,1
cnndm10368,1314,The Masters competition will take place in Augusta,Y,,cnndm10368,1
cnndm10368,1315,Rory Mcilroy is a Northern Irishman,Y,,cnndm10368,1
cnndm10368,1316,Rory Mcilroy finished eighth in Georgia,Y,,cnndm10368,1
cnndm10368,1317,Rory Mcilroy played last year,Y,,cnndm10368,1
cnndm10368,1318,Rory Mcilroy played in Georgia,Y,,cnndm10368,1
cnndm10368,1319,Rory Mcilroy won the Open last year,Y,,cnndm10368,1
cnndm10368,1320,Rory Mcilroy won the USPGA championship last year,Y,,cnndm10368,1
cnndm10368,1321,Rory Mcilroy is looking for third straight major victory,Y,,cnndm10368,1
cnndm10368,1322,Niall Horan is a one direction star,Y,,cnndm10368,1
cnndm10368,1323,Niall Horan caddied for Rory Mcilroy,Y,,cnndm10368,1
cnndm10368,1324,Rory Mcilroy was in a contest on Wednesday,Y,,cnndm10368,1
cnndm10368,1325,Rory Mcilroy scored par - 3 in the contest,Y,,cnndm10368,1
cnndm10368,1326,BLANK,N,,cnndm10368,1
cnndm10368,1327,BLANK,N,,cnndm10368,1
cnndm11351,1328,Appleinsider spotted nine listings,Y,,cnndm11351,1
cnndm11351,1329,Appleinsider spotted listings last month,Y,,cnndm11351,1
cnndm11351,1330,Appleinsider spotted listings related to batteries,Y,,cnndm11351,1
cnndm11351,1331,The listings include one for an IOS Battery Life Software Engineer,Y,,cnndm11351,1
cnndm11351,1332,The listings include one for an IOS Software Power Systems Engineer,Y,,cnndm11351,1
cnndm11351,1333,Appled improved battery life,Y,,cnndm11351,1
cnndm11351,1334,The battery life of iphone 6 was improved,Y,,cnndm11351,1
cnndm11351,1335,The battery life of iphone 6 plus was improved,Y,,cnndm11351,1
cnndm11351,1336,Apple has been criticized for phones,Y,,cnndm11351,1
cnndm11351,1337,Apple has been criticized for tablets,Y,,cnndm11351,1
cnndm11351,1338,The criticism includes that phones don't last a day,Y,,cnndm11351,1
cnndm11351,1339,The criticism includes that tablets don't last a day,Y,,cnndm11351,1
cnndm11351,1340,BLANK,N,,cnndm11351,1
cnndm11351,1341,BLANK,N,,cnndm11351,1
cnndm11351,1342,BLANK,N,,cnndm11351,1
cnndm11351,1343,BLANK,N,,cnndm11351,1
cnndm11264,1344,The European Union will accuse Google,Y,,cnndm11264,1
cnndm11264,1345,Google will be accused of illegally abusing its supremacy,Y,,cnndm11264,1
cnndm11264,1346,The European Union could find Google,Y,,cnndm11264,1
cnndm11264,1347,The fine could be more than 4 billion,Y,,cnndm11264,1
cnndm11264,1348,The fine could be 10 per cent of Google's annual revenue,Y,,cnndm11264,1
cnndm11264,1349,Brussels to say Google uses search engine  to divert traffic,Y,,cnndm11264,1
cnndm11264,1350,The traffic is diverted to Google's own services,Y,,cnndm11264,1
cnndm11264,1351,Google boasts a 90 percent share in Europe's search engine market,Y,,cnndm11264,1
cnndm11264,1352,BLANK,N,,cnndm11264,1
cnndm11264,1353,BLANK,N,,cnndm11264,1
cnndm11264,1354,BLANK,N,,cnndm11264,1
cnndm11264,1355,BLANK,N,,cnndm11264,1
cnndm11264,1356,BLANK,N,,cnndm11264,1
cnndm11264,1357,BLANK,N,,cnndm11264,1
cnndm11264,1358,BLANK,N,,cnndm11264,1
cnndm11264,1359,BLANK,N,,cnndm11264,1
cnndm6094,1360,Steven Finn plays for England,Y,,cnndm6094,1
cnndm6094,1361,Steven Finn was left out of the England squad,Y,,cnndm6094,1
cnndm6094,1362,England tour West Indies,Y,,cnndm6094,1
cnndm6094,1363,Steven Finn is a Middlesex Quick Bowler,Y,,cnndm6094,1
cnndm6094,1364,Steven Finn has regained form,Y,,cnndm6094,1
cnndm6094,1365,Steven Finn's form returned after 12 months,Y,,cnndm6094,1
cnndm6094,1366,Steven Finn said he's back to bowling,Y,,cnndm6094,1
cnndm6094,1367,Steven Finn said he's bowling like he was a carefree 21 year old,Y,,cnndm6094,1
cnndm6094,1368,Steven Finn has 23 test caps for England,Y,,cnndm6094,1
cnndm6094,1369,Steven Finn played for England last in 2013,Y,,cnndm6094,1
cnndm6094,1370,BLANK,N,,cnndm6094,1
cnndm6094,1371,BLANK,N,,cnndm6094,1
cnndm6094,1372,BLANK,N,,cnndm6094,1
cnndm6094,1373,BLANK,N,,cnndm6094,1
cnndm6094,1374,BLANK,N,,cnndm6094,1
cnndm6094,1375,BLANK,N,,cnndm6094,1
cnndm7670,1376,Kevin Pietersen was sacked by England.,Y,,cnndm7670,1
cnndm7670,1377,Kevin Pietersen was sacked 14 months ago.,Y,,cnndm7670,1
cnndm7670,1378,Kevin Pietersen was sacked after Ashes defeat.,Y,,cnndm7670,1
cnndm7670,1379,Kevin Pietersen is a Batsman.,Y,,cnndm7670,1
cnndm7670,1380,Kevin Pietersen scored 170 for Surrey.,Y,,cnndm7670,1
cnndm7670,1381,Kevin Pietersen played last week .,Y,,cnndm7670,1
cnndm7670,1382,Kevin Pietersen made a return to county cricket.,Y,,cnndm7670,1
cnndm7670,1383,Kevin Pietersen wants his return to be sensational.,Y,,cnndm7670,1
cnndm7670,1384,Kevin Pietersen wants to make a return to the England side.,Y,,cnndm7670,1
cnndm7670,1385,Kevin Pietersen wants to make a return this year .,Y,,cnndm7670,1
cnndm7670,1386,Andrew Flintoff thinks time is running out for Kevin Pietersen to resurrect his career.,Y,,cnndm7670,1
cnndm7670,1387,BLANK,N,,cnndm7670,1
cnndm7670,1388,BLANK,N,,cnndm7670,1
cnndm7670,1389,BLANK,N,,cnndm7670,1
cnndm7670,1390,BLANK,N,,cnndm7670,1
cnndm7670,1391,BLANK,N,,cnndm7670,1
cnndm5576,1392,Cesc Fabregas plays for Chelsea,Y,,cnndm5576,1
cnndm5576,1393,Charlie Adam plays for Stoke City,Y,,cnndm5576,1
cnndm5576,1394,Cesc Fabregas used to play for Barcelona,Y,,cnndm5576,1
cnndm5576,1395,Charlie Adam injured Cesc Fabregas,Y,,cnndm5576,1
cnndm5576,1396,Chelsea won against Stoke City,Y,,cnndm5576,1
cnndm5576,1397,The match was at Chelsea's home,Y,,cnndm5576,1
cnndm5576,1398,Charlie Adam is a midfielder,Y,,cnndm5576,1
cnndm5576,1399,Charlie Adam scored a goal in the match,Y,,cnndm5576,1
cnndm5576,1400,Cesc Fabregas posted on instagram,Y,,cnndm5576,1
cnndm5576,1401,Cesc Fabregas had bruises.,Y,,cnndm5576,1
cnndm5576,1402,Cesc Fabregas was smiling in the instagram post,Y,,cnndm5576,1
cnndm5576,1403,Charlie Adam's arm was trailing.,Y,,cnndm5576,1
cnndm5576,1404,BLANK,N,,cnndm5576,1
cnndm5576,1405,BLANK,N,,cnndm5576,1
cnndm5576,1406,BLANK,N,,cnndm5576,1
cnndm5576,1407,BLANK,N,,cnndm5576,1
cnndm2065,1408,Abby Bishop took in her niece,Y,,cnndm2065,1
cnndm2065,1409,Niece is named Zala,Y,,cnndm2065,1
cnndm2065,1410,Niece / Zala was two days old when Abby Bishop took her in,Y,,cnndm2065,1
cnndm2065,1411,Abby Bishop took in her niece in August 2013,Y,,cnndm2065,1
cnndm2065,1412,Niece / Zala is now 20 months old,Y,,cnndm2065,1
cnndm2065,1413,Niece / Zala follows Bishop as she travels the world,Y,,cnndm2065,1
cnndm2065,1414,Abby Bishop travels the world,Y,,cnndm2065,1
cnndm2065,1415,Abby Bishop travels for professional basketball teams,Y,,cnndm2065,1
cnndm2065,1416,Abby Bishop said taking in her niece / Zala was a big decision,Y,,cnndm2065,1
cnndm2065,1417,Abby Bishop said that she wouldn't change anything,Y,,cnndm2065,1
cnndm2065,1418,Niece / Zala will go with Abby Bishop when she starts playing in the U.S. WNBA,Y,,cnndm2065,1
cnndm2065,1419,Abby Bishop will play for the U.S. WNBA in May,Y,,cnndm2065,1
cnndm2065,1420,BLANK,N,,cnndm2065,1
cnndm2065,1421,BLANK,N,,cnndm2065,1
cnndm2065,1422,BLANK,N,,cnndm2065,1
cnndm2065,1423,BLANK,N,,cnndm2065,1
cnndm8997,1424,Leanne Mitchell has been dropped by her label,Y,,cnndm8997,1
cnndm8997,1425,Leanne Mitchell sings at a holiday camp,Y,,cnndm8997,1
cnndm8997,1426,Andrea Begley is yet to become a household name,Y,,cnndm8997,1
cnndm8997,1427,Jermain Jackman is yet to become a household name,Y,,cnndm8997,1
cnndm8997,1428,Stevie won in 2015,Y,,cnndm8997,1
cnndm8997,1429,Will Stevie become a chart success?,Y,,cnndm8997,1
cnndm8997,1430,Will Stevie become another voice flop?,Y,,cnndm8997,1
cnndm8997,1431,BLANK,N,,cnndm8997,1
cnndm8997,1432,BLANK,N,,cnndm8997,1
cnndm8997,1433,BLANK,N,,cnndm8997,1
cnndm8997,1434,BLANK,N,,cnndm8997,1
cnndm8997,1435,BLANK,N,,cnndm8997,1
cnndm8997,1436,BLANK,N,,cnndm8997,1
cnndm8997,1437,BLANK,N,,cnndm8997,1
cnndm8997,1438,BLANK,N,,cnndm8997,1
cnndm8997,1439,BLANK,N,,cnndm8997,1
cnndm3152,1440,Bieber is the singer.,Y,,cnndm3152,1
cnndm3152,1441,Singer/Bieber arrived at the artists' entrance.,Y,,cnndm3152,1
cnndm3152,1442,Singer/Bieber tried to gain entry to Drake's gig .,Y,,cnndm3152,1
cnndm3152,1443,Security said area was at full capacity.,Y,,cnndm3152,1
cnndm3152,1444,Security denied admission.,Y,,cnndm3152,1
cnndm3152,1445,A row erupted.,Y,,cnndm3152,1
cnndm3152,1446,A staffer tried to get singer/Bieber into the gig .,Y,,cnndm3152,1
cnndm3152,1447,That staffer was a Coachella staffer .,Y,,cnndm3152,1
cnndm3152,1448,Security intervened.,Y,,cnndm3152,1
cnndm3152,1449,Security put singer/Bieber in chokehold.,Y,,cnndm3152,1
cnndm3152,1450,Security removed singer/Bieber from the area .,Y,,cnndm3152,1
cnndm3152,1451,Admission was denied to singer/Bieber.,Y,,cnndm3152,1
cnndm3152,1452,The security was festival security.,Y,,cnndm3152,1
cnndm3152,1453,BLANK,N,,cnndm3152,1
cnndm3152,1454,BLANK,N,,cnndm3152,1
cnndm3152,1455,BLANK,N,,cnndm3152,1
cnndm19,1456,An attorney says Robert Bates made an assumption.,Y,,cnndm19,1
cnndm19,1457,An attorney says Robert Bates assumed the gun is a taser because Bates saw a laser sight on the gun .,Y,,cnndm19,1
cnndm19,1458,Harris family lawyers say there are differences between the gun and Taser.,Y,,cnndm19,1
cnndm19,1459,An officer in California made a statement in 2009.,Y,,cnndm19,1
cnndm19,1460,An officer in California also said he mistakenly used his gun.,Y,,cnndm19,1
cnndm19,1461,An officer in California also said he used his gun instead of a taser.,Y,,cnndm19,1
cnndm19,1462,An attorney says Robert Bates thought the gun was a Taser.,Y,,cnndm19,1
cnndm19,1463,BLANK,N,,cnndm19,1
cnndm19,1464,BLANK,N,,cnndm19,1
cnndm19,1465,BLANK,N,,cnndm19,1
cnndm19,1466,BLANK,N,,cnndm19,1
cnndm19,1467,BLANK,N,,cnndm19,1
cnndm19,1468,BLANK,N,,cnndm19,1
cnndm19,1469,BLANK,N,,cnndm19,1
cnndm19,1470,BLANK,N,,cnndm19,1
cnndm19,1471,BLANK,N,,cnndm19,1
cnndm5334,1472,Chloe Owens is 27.,Y,,cnndm5334,1
cnndm5334,1473,Chloe Owens is from Swanley.,Y,,cnndm5334,1
cnndm5334,1474,Chloe Owens designed a new app.,Y,,cnndm5334,1
cnndm5334,1475,The new app is Bump 2 breast .,Y,,cnndm5334,1
cnndm5334,1476,Chloe Owens came up with the idea when pregnant.,Y,,cnndm5334,1
cnndm5334,1477,Chloe Owens was pregnant with daughter.,Y,,cnndm5334,1
cnndm5334,1478,Chloe Owens' daughter is Lola.,Y,,cnndm5334,1
cnndm5334,1479,Chloe Owens' daughter is now three months.,Y,,cnndm5334,1
cnndm5334,1480,Chloe Owens says her and husband felt like 'Rabbits in headlights'.,Y,,cnndm5334,1
cnndm5334,1481,Chloe Owens says her and husband felt a certain way at first.,Y,,cnndm5334,1
cnndm5334,1482,Chloe Owens' husband is David.,Y,,cnndm5334,1
cnndm5334,1483,Chloe Owens struggled to remember which boob to use.,Y,,cnndm5334,1
cnndm5334,1484,Chloe Owens' reference to boobs was for breastfeeding.,Y,,cnndm5334,1
cnndm5334,1485,BLANK,N,,cnndm5334,1
cnndm5334,1486,BLANK,N,,cnndm5334,1
cnndm5334,1487,BLANK,N,,cnndm5334,1
cnndm307,1488,Muhammadu Buhar won Nigeria Vote.,Y,,cnndm307,1
cnndm307,1489,Muhammadu Buhar won on a campaign.,Y,,cnndm307,1
cnndm307,1490,Muhammadu Buhar's campaign was against corruption.,Y,,cnndm307,1
cnndm307,1491,Muhammadu Buhar is an ex-dictator.,Y,,cnndm307,1
cnndm307,1492,Jonathan Administration failed to address corruption .,Y,,cnndm307,1
cnndm307,1493,Jonathan Administration failed to address poverty.,Y,,cnndm307,1
cnndm307,1494,Jonathan Administration failed to address rise of Boko Haram .,Y,,cnndm307,1
cnndm307,1495,Muhammadu Buhar may be a tonic.,Y,,cnndm307,1
cnndm307,1496,Nigeria has seen years of misrule.,Y,,cnndm307,1
cnndm307,1497,Tim Stanley is the speaker.,Y,,cnndm307,1
cnndm307,1498,The misrule was by the Jonathan Administration.,Y,,cnndm307,1
cnndm307,1499,There is a reason for optimism.,Y,,cnndm307,1
cnndm307,1500,BLANK,N,,cnndm307,1
cnndm307,1501,BLANK,N,,cnndm307,1
cnndm307,1502,BLANK,N,,cnndm307,1
cnndm307,1503,BLANK,N,,cnndm307,1
cnndm10563,1504,There are two types of cereal in an Easter egg.,Y,,cnndm10563,1
cnndm10563,1505,An Easter egg is with marshmallows.,Y,,cnndm10563,1
cnndm10563,1506,An Easter egg is with Brownies.,Y,,cnndm10563,1
cnndm10563,1507,An Easter egg is served.,Y,,cnndm10563,1
cnndm10563,1508,Black Milk Cafe is in Manchester's Northern Quarter.,Y,,cnndm10563,1
cnndm10563,1509,"'Easter is less about what is used to mean , ' owner/Olly Taylor said .",Y,,cnndm10563,1
cnndm10563,1510,BLANK,N,,cnndm10563,1
cnndm10563,1511,An Easter egg is served at Black Milk Cafe.,Y,,cnndm10563,1
cnndm10563,1512,Olly Taylor is cafe owner.,Y,,cnndm10563,1
cnndm10563,1513,BLANK,N,,cnndm10563,1
cnndm10563,1514,BLANK,N,,cnndm10563,1
cnndm10563,1515,BLANK,N,,cnndm10563,1
cnndm10563,1516,BLANK,N,,cnndm10563,1
cnndm10563,1517,BLANK,N,,cnndm10563,1
cnndm10563,1518,BLANK,N,,cnndm10563,1
cnndm10563,1519,BLANK,N,,cnndm10563,1
cnndm6731,1520,Charles Terreni was 18.,Y,,cnndm6731,1
cnndm6731,1521,Charles Terreni was found dead.,Y,,cnndm6731,1
cnndm6731,1522,Charles Terreni was found at a frat house.,Y,,cnndm6731,1
cnndm6731,1523,The frat house is in Columbia.,Y,,cnndm6731,1
cnndm6731,1524,Charles Terreni was a USC freshman.,Y,,cnndm6731,1
cnndm6731,1525,Charles Terreni was a member of the Pi Kappa Alpha House .,Y,,cnndm6731,1
cnndm6731,1526,Coroner identified cause of death.,Y,,cnndm6731,1
cnndm6731,1527,Toxicology tests showed the blood alcohol.,Y,,cnndm6731,1
cnndm6731,1528,BLANK,N,,cnndm6731,1
cnndm6731,1529,The blood alcohol was .375 .,Y,,cnndm6731,1
cnndm6731,1530,Neighbors said there was a large party.,Y,,cnndm6731,1
cnndm6731,1531,A beer keg was still visible outside.,Y,,cnndm6731,1
cnndm6731,1532,Cause of death identified was alcohol poisoning.,Y,,cnndm6731,1
cnndm6731,1533,Charles Terreni was found on March 18.,Y,,cnndm6731,1
cnndm6731,1534,BLANK,N,,cnndm6731,1
cnndm6731,1535,BLANK,N,,cnndm6731,1
cnndm6329,1536,Christopher Starrs was spared jail,Y,,cnndm6329,1
cnndm6329,1537,Christopher Starrs was spared in an ` Act of Mercy '.,Y,,cnndm6329,1
cnndm6329,1538,Christopher Starrs was spared by a Judge.,Y,,cnndm6329,1
cnndm6329,1539,Christopher Starrs was spared in January.,Y,,cnndm6329,1
cnndm6329,1540,Senior judge has now said his colleague took his eye off the ball,Y,,cnndm6329,1
cnndm6329,1541,The senior judge is Nicholas Cooke QC,Y,,cnndm6329,1
cnndm6329,1542,The senior judge said starrs should have been jailed,Y,,cnndm6329,1
cnndm6329,1543,Christopher Starrs is wheelchair bound,Y,,cnndm6329,1
cnndm6329,1544,The senior judge thinks Christopher Starrs should thank his lucky stars.,Y,,cnndm6329,1
cnndm6329,1545,Christopher Starrs sentence was allowed to stand,Y,,cnndm6329,1
cnndm6329,1546,BLANK,N,,cnndm6329,1
cnndm6329,1547,BLANK,N,,cnndm6329,1
cnndm6329,1548,BLANK,N,,cnndm6329,1
cnndm6329,1549,BLANK,N,,cnndm6329,1
cnndm6329,1550,BLANK,N,,cnndm6329,1
cnndm6329,1551,BLANK,N,,cnndm6329,1
cnndm4637,1552,East of England Ambulance Service warned about hoax calls,Y,,cnndm4637,1
cnndm4637,1553,The Ambulance Service warned that hoax calls can cost lives,Y,,cnndm4637,1
cnndm4637,1554,Woman reported someone had been run over,Y,,cnndm4637,1
cnndm4637,1555,Actual victim in the incident reported by the woman was a squirrel,Y,,cnndm4637,1
cnndm4637,1556,A man dialled 999.,Y,,cnndm4637,1
cnndm4637,1557,The man reported that he dropped a burger,Y,,cnndm4637,1
cnndm4637,1558,The man reported that the dropped burger was bleeding,Y,,cnndm4637,1
cnndm4637,1559,BLANK,N,,cnndm4637,1
cnndm4637,1560,BLANK,N,,cnndm4637,1
cnndm4637,1561,BLANK,N,,cnndm4637,1
cnndm4637,1562,BLANK,N,,cnndm4637,1
cnndm4637,1563,BLANK,N,,cnndm4637,1
cnndm4637,1564,BLANK,N,,cnndm4637,1
cnndm4637,1565,BLANK,N,,cnndm4637,1
cnndm4637,1566,BLANK,N,,cnndm4637,1
cnndm4637,1567,BLANK,N,,cnndm4637,1
cnndm4043,1568,Bulgaria's Black Sea has resorts,Y,,cnndm4043,1
cnndm4043,1569,Black Sea resorts cheaper than hotspots in Italy,Y,,cnndm4043,1
cnndm4043,1570,Black Sea resorts cheaper than hotspots in Spain,Y,,cnndm4043,1
cnndm4043,1571,Black Sea resorts cheaper than hotspots in Turkey,Y,,cnndm4043,1
cnndm4043,1572,Cheap prices in Bulgaria are driven by low exchange rates,Y,,cnndm4043,1
cnndm4043,1573,Cheap prices in Bulgaria are driven by country's high inflation,Y,,cnndm4043,1
cnndm4043,1574,It's most popular resort is Sunny Beach,Y,,cnndm4043,1
cnndm4043,1575,The Sunny Beach resort copies resorts in Spain and Greece,Y,,cnndm4043,1
cnndm4043,1576,Researchers found the cheapest destination,Y,,cnndm4043,1
cnndm4043,1577,Researchers used imaginary shopping basket,Y,,cnndm4043,1
cnndm4043,1578,Researchers used imaginary shopping basket to find cheapest destination,Y,,cnndm4043,1
cnndm4043,1579,BLANK,N,,cnndm4043,1
cnndm4043,1580,BLANK,N,,cnndm4043,1
cnndm4043,1581,BLANK,N,,cnndm4043,1
cnndm4043,1582,BLANK,N,,cnndm4043,1
cnndm4043,1583,BLANK,N,,cnndm4043,1
cnndm1273,1584,Lindsay Sandiford is afraid,Y,,cnndm1273,1
cnndm1273,1585,Lindsay Sandiford fears she will be next to face the firing squad,Y,,cnndm1273,1
cnndm1273,1586,Andrew Chan was killed,Y,,cnndm1273,1
cnndm1273,1587,Myuran Sukumaran was killed,Y,,cnndm1273,1
cnndm1273,1588,Lindsay Sandiford is 58 year old.,Y,,cnndm1273,1
cnndm1273,1589,Lindsay Sandiford has been on a death row.,Y,,cnndm1273,1
cnndm1273,1590,Lindsay Sandiford has been in Bali.,Y,,cnndm1273,1
cnndm1273,1591,Lindsay Sandiford has been on a death row since 2012.,Y,,cnndm1273,1
cnndm1273,1592,Lindsay Sandiford was convicted in 2012.,Y,,cnndm1273,1
cnndm1273,1593,Lindsay Sandiford was convicted for attempting to smuggle cocaine,Y,,cnndm1273,1
cnndm1273,1594,The cocaine was worth 1.6 million,Y,,cnndm1273,1
cnndm1273,1595,Myuran Sukumaran had a final KFC bucket meal,Y,,cnndm1273,1
cnndm1273,1596,Andrew Chan had a final KFC bucket meal,Y,,cnndm1273,1
cnndm1273,1597,BLANK,N,,cnndm1273,1
cnndm1273,1598,BLANK,N,,cnndm1273,1
cnndm1273,1599,BLANK,N,,cnndm1273,1
